Region,Year,Month,Hour,UnemploymentRate,IncomeIndex,EducationLevel,CrimeType
Vlore,2017,5,14,14.693673304868637,0.6691411405384384,0.7144484939393951,3
Elbasan,2021,6,7,17.178676501283576,0.7129381844999316,0.4024307256477919,4
Shkoder,2023,5,3,11.48411604898359,0.6111620800880662,0.18798387207603384,3
Elbasan,2019,1,15,10.793242994506068,0.5147106193782449,0.5408595788250777,3
Elbasan,2020,3,20,4.486082210215176,0.7313364070469757,0.225336911454328,3
Durres,2024,1,3,14.50700676919647,0.2475480700564135,0.9742875560126001,2
Shkoder,2016,11,15,14.155789141784993,0.6712125129461848,0.3903399140119541,4
Shkoder,2017,5,21,7.314445249803583,0.8980431554954753,0.9096649716091162,3
Shkoder,2017,5,11,20.050804004340776,0.7461343506276221,0.2255539966036243,2
Elbasan,2023,12,15,14.346160936531062,0.4033944581042187,0.18920900530577645,3
Vlore,2021,11,18,11.11887337339304,0.3944736462937664,0.6169011290397374,2
Shkoder,2022,6,7,7.085087089481466,0.6670530274154212,0.7793790783033206,3
Elbasan,2024,8,5,15.595377366391261,0.8270979799059712,0.5667645638523757,0
Durres,2023,10,9,19.809157547865006,0.60456481859349,0.22979568360525937,2
Vlore,2020,12,4,9.921986406384406,0.5691816010190408,0.03789436288399606,2
Durres,2018,1,17,8.594681383111173,0.3122688936905699,0.6182888211910051,3
Vlore,2015,4,9,14.960634245356117,0.7008198687518716,0.1310372253655483,3
Elbasan,2022,10,9,7.2622093527103555,0.6916090337465235,0.3431763870323312,2
Tirana,2021,11,6,17.998881118479986,0.8768659746336933,0.6757847536712315,1
Vlore,2016,1,17,16.71221618682884,0.4101345290139651,0.09802344058293189,4
Durres,2022,9,0,5.828723041420001,0.7295118334572723,0.1272514797839558,1
Elbasan,2019,11,6,4.766927967008852,0.5038456828383403,0.06166620730740413,4
Vlore,2021,7,20,17.02606170436028,0.5909309541312944,0.9960791289068266,0
Tirana,2018,7,0,10.180169253763557,0.7715176989203907,0.38707676860158124,0
Tirana,2019,12,14,5.81536081664137,0.35539653151328293,0.9057951677346345,3
Shkoder,2022,5,3,19.948002804086215,0.44000811766919046,0.2935856384242821,0
Shkoder,2015,7,19,10.594924063370527,0.7413160691383178,0.7532025651404958,2
Durres,2015,12,9,13.651590542402696,0.5993205407015026,0.2190666163123789,1
Vlore,2018,2,22,8.973071476529153,0.26469604183354917,0.49832470964825026,3
Vlore,2017,4,8,17.173658645517257,0.5011301067449592,0.8246157392957796,0
Shkoder,2024,7,1,10.331256722441548,0.6106433190811114,0.8163343988950826,2
Vlore,2016,3,13,24.328440185780195,0.8366621215115368,0.7942807173626745,2
Vlore,2017,2,15,18.761898520955036,0.3319416349570471,0.8237344130385529,3
Tirana,2015,10,0,6.8711678038427815,0.764167077864238,0.21147228130587925,1
Shkoder,2015,2,1,12.750591633142802,0.29143713815361394,0.48221627256038646,3
Elbasan,2020,1,6,12.09384309432745,0.36956496205306505,0.4848714745971586,4
Shkoder,2019,5,9,15.219189325128045,0.37034071844308614,0.8905024873479125,4
Elbasan,2022,12,21,21.68054416406432,0.8142354371361828,0.2968918293994288,0
Tirana,2016,6,19,16.25186231884304,0.33931238441049094,0.9314958933890483,0
Durres,2018,6,0,5.292690229599985,0.7508725088897863,0.45079573630609904,1
Vlore,2022,9,12,17.763729632859956,0.5232645738137339,0.6697870031774188,0
Tirana,2020,4,0,4.173571256863026,0.8993635374581175,0.26888311227933437,3
Vlore,2015,1,4,20.379169671348254,0.7873640490564737,0.4102981068313073,4
Durres,2018,6,15,17.99935752063608,0.7177921941134726,0.7098009320691404,0
Durres,2015,5,14,10.484498825404305,0.8095084146565368,0.5127471418510093,3
Tirana,2016,10,16,10.14127789637983,0.6438212748235235,0.9307080116883338,2
Durres,2019,6,22,20.763732927472418,0.7905565795699483,0.7371249658974774,3
Elbasan,2022,3,15,20.45007053041703,0.3827887931530191,0.5644029255105999,3
Durres,2022,2,12,11.398349441911959,0.26839224777075243,0.8866697566522082,0
Vlore,2017,6,10,10.277902289675387,0.631152404960668,0.6655563887887443,0
Vlore,2018,1,16,15.756320566538589,0.5042832748645102,0.6473204734204323,2
Vlore,2024,7,16,4.175678859667028,0.49850855670470234,0.24637133314762727,4
Vlore,2020,7,1,5.736007797717388,0.5687234967010324,0.3948569655282109,1
Elbasan,2024,10,12,6.649561393123472,0.45296782809587977,0.6833036526040215,3
Shkoder,2017,7,13,7.893648174370658,0.6382416720099804,0.8917917114831578,3
Tirana,2016,12,10,14.752380660184851,0.22139785714334095,0.3155474736449152,2
Vlore,2020,11,9,24.837080212083563,0.8789239393172343,0.2154856219429847,2
Durres,2019,10,2,17.70488143669442,0.8472962944318994,0.5936959788158558,1
Vlore,2024,1,16,5.287274683433695,0.8546891138073536,0.06719709810271313,2
Durres,2019,4,14,15.037166855307078,0.45550244690860286,0.7145417014500052,3
Durres,2024,7,8,14.429549460179594,0.5723236703613699,0.7031385432874808,0
Vlore,2019,11,9,7.027524132179039,0.8678914221403027,0.3549660309861551,1
Elbasan,2024,9,7,23.325719744850563,0.8316422394993106,0.8926776533449017,4
Durres,2019,5,20,13.256070201182748,0.7531711331308031,0.5021811415391275,3
Durres,2017,2,12,24.885741952804533,0.4851321128933147,0.6457649506929368,0
Vlore,2021,7,17,12.82151820029545,0.5950374562275214,0.20957848193833784,3
Durres,2020,10,4,16.767111756355796,0.7550387319516534,0.41734033516,0
Durres,2018,1,5,6.200013265480242,0.39110839687802224,0.8624175402697681,3
Vlore,2016,7,16,13.538784299944254,0.6385145577596779,0.2129395476323428,4
Vlore,2023,6,10,9.014083774083439,0.7795540273962998,0.3905743775924688,2
Tirana,2015,7,19,21.546860769995934,0.695218354213031,0.31807654442812994,1
Elbasan,2018,10,15,20.462311282218337,0.5356364418337005,0.15111018486478012,4
Elbasan,2015,3,8,21.307779992132527,0.6092258516886109,0.28971791812753556,3
Durres,2020,3,1,19.19579819291698,0.8920728802020559,0.23277228357521673,2
Elbasan,2018,7,4,21.486347696021074,0.621391456253047,0.9235936304613274,1
Durres,2019,2,0,8.217403753673338,0.7499324278130506,0.741078804542796,2
Tirana,2019,1,3,13.492919308175836,0.7086233350643638,0.3161015817828243,2
Vlore,2023,9,3,18.528784478865333,0.6910434308705542,0.7633390532427098,0
Vlore,2015,9,21,17.385242456637833,0.7014583385798305,0.022139953033871396,2
Vlore,2016,7,2,19.043444140355827,0.5180868258970247,0.5265247107711399,0
Elbasan,2020,7,8,8.709426046175865,0.5319121221626877,0.2503345637346731,0
Tirana,2019,3,21,6.067128889944785,0.5275039161525477,0.11432207180851417,3
Elbasan,2021,10,22,23.252938139570304,0.22327822504882566,0.8837585283384886,3
Elbasan,2017,2,11,15.763609806914527,0.36874573123262644,0.1993405342625726,3
Tirana,2017,11,9,7.2303444146556295,0.30819480465491794,0.8223910929462823,3
Tirana,2024,7,1,20.66216821963459,0.82051150797808,0.4132226774917712,0
Tirana,2016,9,10,23.213528669214934,0.3924785565170643,0.01429077004070034,3
Tirana,2017,1,9,7.56083388999329,0.2969098441258783,0.7325328293010253,3
Vlore,2024,4,21,21.165661560651323,0.28383685233761946,0.5963597582193679,1
Shkoder,2015,6,5,23.597726287701693,0.6899928841865111,0.3441718831678193,1
Shkoder,2019,7,17,23.705593606216365,0.2042583176404715,0.28154593392626337,1
Tirana,2019,10,1,23.197285694723526,0.5299130812295558,0.07369125237043472,4
Shkoder,2021,7,1,15.474841259562158,0.28320977391873736,0.9414255948352722,3
Shkoder,2018,10,9,11.480437662331255,0.7947643643451336,0.4939848846920857,3
Tirana,2017,2,15,4.152728961574195,0.8709152495167207,0.08552451757610802,0
Shkoder,2015,4,11,5.279156764302069,0.8711282313504325,0.8686797177444705,4
Elbasan,2022,5,0,13.005619321245204,0.5093748762627385,0.2788331728178167,1
Durres,2017,12,20,12.385849074221717,0.6511603771043575,0.20360271573465483,0
Durres,2016,1,7,7.878992100967547,0.6197928955575212,0.28093743834221874,3
Tirana,2018,1,15,12.305080588664794,0.44502723097016705,0.5645714586071113,2
Vlore,2017,10,17,7.66765137456273,0.5108451439943718,0.0740564844970365,3
Tirana,2015,3,12,21.82461630829265,0.2450265880633,0.48175690912267644,0
Vlore,2017,10,14,10.262092435387576,0.7569893228700411,0.8957434451243126,4
Durres,2016,3,20,16.56985135332451,0.3685624585082333,0.18817159584612386,2
Tirana,2022,12,11,14.559704301980823,0.5223691317954633,0.33118877215224385,4
Elbasan,2020,8,7,5.089523629473836,0.5364345135316507,0.39612196505165276,0
Shkoder,2023,9,9,23.78690810931449,0.5924982174059228,0.5862207115272452,2
Vlore,2022,11,13,15.07174554326015,0.7725136465216629,0.9192542465263115,1
Shkoder,2024,12,4,10.826210511228123,0.6843167323286248,0.3945392082424255,2
Shkoder,2017,1,17,7.320657962294433,0.6641441343904344,0.06915284067776362,2
Tirana,2019,11,18,11.109059329263552,0.5687218470634579,0.3479508614309924,1
Shkoder,2021,2,14,4.43074366349118,0.2671690284626129,0.1900854125998448,1
Elbasan,2019,10,5,11.634721262314251,0.48140593015560296,0.6517744788191033,3
Shkoder,2022,2,10,15.161204473394601,0.8701217959033865,0.029262109167332184,0
Tirana,2019,4,20,22.30919116286984,0.8968836527017767,0.2919299710730734,0
Elbasan,2015,2,10,18.434862771653748,0.7113487022706428,0.5451735072326199,4
Durres,2019,7,19,6.3432285757980695,0.3592604741522515,0.2773342060495543,4
Shkoder,2018,9,19,7.102672813197183,0.27132345220237714,0.5509952833452542,3
Tirana,2020,7,20,12.990590724185868,0.49033505133233946,0.11471232218718319,3
Durres,2017,12,17,8.109862784414545,0.799600331651535,0.9428054879896225,4
Durres,2019,6,17,4.58484532923787,0.7053049679265002,0.2909068073298867,3
Vlore,2016,10,9,20.905312482479474,0.8187245662787734,0.9230008393898834,3
Elbasan,2020,1,1,4.409973984657877,0.6310434202883566,0.3258354395041454,3
Shkoder,2020,11,8,21.444481709158296,0.29122985521278466,0.7818401911729878,3
Tirana,2019,10,13,7.0261832236922865,0.28035717689871487,0.24618735746125298,2
Vlore,2020,9,18,24.46824662694944,0.23360161184109052,0.6697689023896012,0
Elbasan,2021,5,9,16.681352148349994,0.5969559794014716,0.32371621382276716,0
Vlore,2019,11,22,19.434642404227805,0.3700203656373523,0.5091591292096588,4
Elbasan,2015,5,3,6.320156187329363,0.7140685489484653,0.6738141457636807,3
Elbasan,2022,6,5,22.104185542481083,0.6803749551002551,0.5888825052029606,3
Shkoder,2018,9,13,21.62303920030231,0.42267751968582185,0.5762805932836943,1
Elbasan,2023,8,3,17.71284736237607,0.32376116652484505,0.06568083565761729,1
Vlore,2024,8,14,14.547772156503136,0.2716802448572009,0.24907683217159182,3
Elbasan,2020,8,15,19.151272635765125,0.7161206916691678,0.5718392898565416,0
Shkoder,2015,1,6,4.1244925220744415,0.5153086967981533,0.01831720721572505,0
Shkoder,2017,1,16,16.441255863367648,0.4264709399246972,0.25064425511597965,2
Vlore,2017,8,18,21.795528833513966,0.7996571110644184,0.22918523943119673,3
Durres,2024,5,18,11.494897630669852,0.6155292515985689,0.24985611016083442,0
Durres,2018,9,16,6.2740764861412535,0.5626016354776091,0.5356094995666537,3
Elbasan,2020,2,5,12.83842224460733,0.7203654154829311,0.5819603540191924,1
Tirana,2021,9,10,19.269193430228647,0.7709081981647019,0.9089979943728113,0
Elbasan,2024,12,15,6.253325417784123,0.6802512087959036,0.3860310490262192,0
Vlore,2018,8,7,8.32701976447069,0.5080044230195468,0.9265789171431259,3
Vlore,2020,9,10,7.098588783402699,0.46550915487053124,0.6519543449841703,3
Vlore,2015,4,6,20.735902867079723,0.7401654567908915,0.9126603959005557,2
Vlore,2022,1,23,5.320745071502223,0.5625350124482003,0.8334721016800484,1
Vlore,2021,1,21,18.41831654440309,0.6930702549621635,0.6875824434076875,1
Shkoder,2023,5,18,11.695595335817018,0.8232791523563863,0.35610589951895943,1
Durres,2017,2,9,19.871616100591346,0.8411234443156923,0.2411104476852185,3
Vlore,2016,8,8,24.25205179446479,0.3944009474684008,0.22239143551203222,2
Tirana,2015,10,3,6.405451291316128,0.33152296519075986,0.9521738374562813,3
Tirana,2017,11,22,10.602085862416628,0.38290115223578647,0.9585738431293581,3
Tirana,2019,5,14,21.012633982096,0.7259602393748519,0.7248313735243089,1
Tirana,2016,5,12,9.589326107074706,0.4590406252323121,0.8837959840764773,1
Shkoder,2017,2,1,8.51753253796686,0.32137249658893086,0.9189961630790605,1
Tirana,2018,7,1,21.332937535248405,0.2688698447548785,0.5115561965193122,1
Vlore,2021,8,15,24.728729644125377,0.4291192321807815,0.6290596906251722,4
Elbasan,2017,10,8,15.69449239310728,0.29529550824535794,0.4187544979202146,3
Tirana,2023,1,12,9.839023715000124,0.3094615287733149,0.4184907642852631,4
Shkoder,2022,2,2,12.369885193601133,0.6787187814123892,0.03842891864461462,2
Shkoder,2018,10,8,7.572736875055789,0.2138124669678837,0.4338214604848055,1
Tirana,2015,4,12,19.9996328567058,0.2822872831378066,0.6734898115131833,2
Elbasan,2015,5,20,20.242954374278128,0.7910558438491675,0.42198216610657113,2
Tirana,2015,2,21,22.37754084003238,0.7914398595127772,0.8724096768769565,1
Shkoder,2015,1,1,4.558653835527841,0.4304704351345039,0.33256295240701816,0
Durres,2022,9,7,15.801608174153964,0.26156710585811027,0.13268204656084948,4
Vlore,2017,1,8,8.499364121206872,0.6934792336650442,0.8115586907290594,3
Shkoder,2020,4,15,11.1585433253395,0.4520921814417121,0.673947918328592,0
Tirana,2017,2,1,20.484067921016656,0.2318252390434481,0.2418194823205818,3
Vlore,2019,11,5,8.032706699591419,0.310478886909859,0.536451256042233,3
Tirana,2021,4,21,17.405176762202885,0.296050368374817,0.40185233859379244,3
Tirana,2016,8,7,17.74589001569556,0.6123814406793635,0.9388597764356578,3
Durres,2020,8,4,24.035972212948312,0.8286823085224928,0.607332090920629,0
Vlore,2020,11,8,20.27837949910768,0.7551504233264201,0.1583892611869916,0
Vlore,2017,12,0,20.876338090227563,0.582561231512061,0.5021484526369852,3
Durres,2020,9,8,15.163615729375762,0.495508615449236,0.8625568325238507,3
Shkoder,2024,11,9,7.922396950409784,0.6330736963482055,0.6714966700324616,4
Tirana,2024,12,22,12.936830680085384,0.5106689186860566,0.8424520760986562,3
Elbasan,2019,5,3,15.539281043748227,0.37226938580342117,0.2503993138656403,0
Tirana,2016,7,2,18.246804285987956,0.6754382187465957,0.8883513770475419,3
Tirana,2023,3,9,16.76189134847047,0.8112707620189248,0.7556113318241721,3
Shkoder,2022,10,14,12.273534407262114,0.46100923147660233,0.7289137554380787,2
Tirana,2017,4,10,9.57157524691267,0.7890769273839358,0.3465410697635244,0
Durres,2022,10,13,7.5328477072773445,0.5017574325384433,0.8876580637605281,0
Durres,2023,9,5,18.570753111717593,0.4809351601695982,0.6379793773932165,3
Vlore,2017,10,11,17.553372160562184,0.21982705028291938,0.8518394768628025,2
Elbasan,2017,10,12,18.43482178091394,0.6866952309571872,0.3609714559862718,1
Tirana,2016,12,16,11.823076508858692,0.765251767579676,0.1456520910643565,3
Tirana,2022,1,15,9.510564273985645,0.6644898436909927,0.3323371802203223,3
Shkoder,2024,2,2,19.954147902299432,0.30595266597436044,0.4552643473751825,3
Durres,2015,5,1,20.246595296162017,0.2723054272868502,0.5334073751454924,2
Elbasan,2022,3,10,13.567943853303653,0.6010011261329776,0.5108092157115375,3
Vlore,2021,2,8,16.849985780113805,0.4810613779292213,0.5460545924365644,0
Durres,2021,1,2,11.843912948866565,0.5003684484399127,0.8417057652229475,3
Vlore,2017,10,17,18.74089120251594,0.8774601727201055,0.1701012461881699,3
Shkoder,2015,3,19,21.550153529605296,0.7067458698351459,0.31605129516887087,3
Shkoder,2018,1,14,18.45289882404864,0.48825141744542966,0.8886084904354514,0
Tirana,2023,12,13,14.764235163789866,0.21336949588920043,0.5604582045583303,3
Elbasan,2019,1,1,13.631817149339776,0.2238669884972892,0.5833898703695721,0
Vlore,2015,12,16,17.488712670490628,0.6793625869520994,0.47806254461395226,2
Durres,2019,1,21,18.276028723627935,0.7864171316624347,0.5489746349861391,0
Shkoder,2022,8,7,15.73331831401532,0.6953918406847786,0.1980797305601012,1
Tirana,2022,3,9,17.123787777255295,0.4841214268233078,0.5468668994181283,1
Tirana,2019,11,17,6.028362332385177,0.22179501655139872,0.9971731279111168,2
Vlore,2023,1,18,23.98707583898886,0.8771811411646608,0.5660475729241843,4
Shkoder,2015,7,7,20.606234338372715,0.8904352435106606,0.04440246560603034,3
Elbasan,2018,10,7,11.85248526384246,0.5845551860109881,0.7964356443506597,3
Shkoder,2017,3,2,15.81906483002623,0.24946967528657393,0.3964754287233876,2
Vlore,2016,8,2,4.993815132864849,0.5786807541401269,0.15367614850156186,2
Vlore,2022,4,11,4.865784093980269,0.8246369291545659,0.8625198062266913,0
Shkoder,2021,4,21,9.266765037351217,0.6759898570897495,0.19797325553496758,3
Vlore,2023,5,16,18.48373448965709,0.703992461722907,0.9207673898585332,2
Shkoder,2016,6,3,21.895102703800244,0.25947888620257453,0.4417964904426055,4
Durres,2018,7,16,15.742903479576816,0.274558145922261,0.7427908347497,0
Shkoder,2020,4,13,15.1747875312294,0.2891441434631197,0.5469958503385205,4
Shkoder,2017,8,18,12.448500209620786,0.8330637835626948,0.25662680391522785,0
Vlore,2022,6,8,7.393557075118444,0.5680947453846693,0.6710901744959188,3
Vlore,2017,1,20,6.485436127858338,0.7541025674750939,0.9579125508901479,0
Tirana,2016,1,11,19.974274985640285,0.28070388191852014,0.7696369667914125,0
Tirana,2017,9,4,23.477574577228086,0.8493498938560164,0.6040179965751782,2
Durres,2020,10,10,13.623947544111736,0.7747994640480471,0.9906281082658567,0
Tirana,2016,6,19,17.848358833028403,0.35733490134274926,0.26532666734268473,0
Shkoder,2022,10,2,23.203610668499767,0.8119275633057674,0.06234148790944738,3
Vlore,2015,8,20,5.8923862916170355,0.3844099315777665,0.03213086611593108,3
Tirana,2021,7,14,20.180110515499628,0.34373791553733957,0.7106878795587983,0
Tirana,2016,12,13,16.953154571887076,0.38497075576854867,0.8302323647341706,4
Durres,2024,6,10,16.571380755427086,0.8369685442908266,0.6351005374845267,3
Durres,2020,4,19,10.143348998112966,0.8409143898604086,0.9050265974431984,1
Shkoder,2016,7,7,18.361760450331214,0.43029704228157817,0.6979760473399205,0
Vlore,2016,9,3,20.690752851236308,0.6938039295661859,0.37095464640902054,3
Durres,2024,11,11,6.37002146381764,0.6730216786149283,0.1812582916298816,3
Tirana,2022,10,7,15.20395005060066,0.7645938424912821,0.9246474785591563,3
Vlore,2016,10,5,6.126568800735603,0.4075566500994917,0.10359714999747949,4
Vlore,2021,7,14,22.324054405250536,0.5570969793372813,0.5429884037464054,2
Tirana,2017,1,11,14.660371175783293,0.6673717657058007,0.3140079252735116,4
Durres,2022,10,15,20.967279474475905,0.21837977316693424,0.2714150075196725,1
Tirana,2021,9,15,11.7297983909905,0.46371712173166824,0.6458348519168964,2
Vlore,2022,4,20,6.626642763142834,0.6871218503749983,0.23123693739103623,2
Elbasan,2021,3,19,4.871485392099941,0.3768165651833934,0.9163651067423957,2
Elbasan,2020,4,19,9.911702036219886,0.8703928749045411,0.40604390909912413,2
Shkoder,2021,4,3,9.128907707645649,0.22111296005478728,0.6773753467296789,3
Tirana,2019,10,10,15.767391454419199,0.870661031311196,0.7277557173285846,0
Tirana,2021,11,12,4.4565155993378545,0.35173470760728004,0.6829416946253303,2
Shkoder,2015,2,8,14.93198143028264,0.234175429347759,0.9034002408930234,3
Shkoder,2015,12,3,12.227206582252066,0.40473182325649026,0.2311308636059981,0
Shkoder,2023,1,11,16.119567668203285,0.7503976151031577,0.08605454468610119,1
Vlore,2019,12,8,18.750768091157656,0.7267094045136371,0.05546569726504935,0
Tirana,2019,10,12,17.31593084667662,0.3461882914959544,0.8778441504750248,2
Vlore,2017,12,15,24.677531756840693,0.3377530935142596,0.9732870499391821,3
Shkoder,2019,1,5,6.903572221414292,0.6498059410631785,0.3025265412047127,1
Tirana,2017,8,9,13.024477187525349,0.5206578827730113,0.6935139235749692,0
Vlore,2023,2,12,12.921445469509534,0.7546029673316315,0.0089127841717489,4
Vlore,2023,12,6,12.758117277761334,0.21689294508478751,0.18863151011598778,4
Shkoder,2020,10,18,17.939766232896034,0.6272883025323998,0.6892743824616144,4
Tirana,2015,5,23,14.286389271481172,0.7114704085679131,0.06588713931523282,3
Shkoder,2021,12,18,14.866083756072225,0.8953702784200683,0.4685100499198245,0
Tirana,2021,4,16,13.079475835082059,0.6751471859657927,0.6625832643739489,4
Elbasan,2024,8,12,24.825688681389813,0.3622916095849764,0.7659581713055174,1
Durres,2024,2,12,23.478788325199886,0.2757303364160272,0.45381591372437047,4
Durres,2018,10,20,10.46220797665179,0.6486417422508528,0.630284039496343,2
Durres,2022,9,1,6.343472420100011,0.5662281472627512,0.5395756295620613,0
Shkoder,2020,7,9,21.635059204810663,0.8294017019115114,0.0523057720833211,3
Elbasan,2018,7,21,24.940575279940212,0.7086256148268926,0.7428046872598465,1
Tirana,2018,1,12,10.144786774832557,0.5568197150298344,0.17236191588537497,1
Vlore,2016,12,8,11.513483442677092,0.4825126295356033,0.03180553123384133,3
Tirana,2016,2,0,23.774296811189263,0.4830622896995742,0.4511679162883723,3
Vlore,2018,4,13,18.93371987806489,0.3584130003058642,0.8656375872815103,2
Tirana,2019,4,15,10.20840496737236,0.21212818022898794,0.15082943766102863,2
Elbasan,2022,11,19,16.201976316962217,0.6024374117449742,0.012857534116974989,3
Vlore,2020,3,14,23.828821166649377,0.3486903127662506,0.10997923576541713,3
Shkoder,2018,7,0,21.04807524586135,0.345828842409629,0.3636591143316067,3
Tirana,2021,12,16,19.578486988301854,0.28776686007353636,0.5801718699913038,3
Tirana,2022,8,23,19.47692254626747,0.33271684312368494,0.19301213398589256,4
Vlore,2016,2,12,7.7384268101376765,0.2222524046885964,0.8019640050225706,1
Shkoder,2021,4,14,21.318306023786665,0.6719620148239724,0.7532971205490819,1
Shkoder,2016,3,15,9.798491281312621,0.480977981418886,0.6958636165986992,1
Elbasan,2016,2,15,23.53769981593212,0.5930672191412015,0.487469808315544,0
Shkoder,2022,12,1,11.657439811289443,0.6458703326145596,0.36521695513398533,1
Shkoder,2016,6,16,22.010868337887388,0.8807391935933113,0.37558662096481077,4
Shkoder,2023,4,10,9.59090338487383,0.2477861060988507,0.5030705349557333,2
Durres,2015,6,7,14.80506566822705,0.49254237938200657,0.07731468688265453,0
Elbasan,2023,2,19,6.244591205270272,0.37212855346853674,0.6823054628670612,1
Tirana,2015,12,2,17.862496962919657,0.5336983522997699,0.35150754400930206,4
Vlore,2024,4,11,21.557664778503604,0.8443306104297217,0.2247587779386886,3
Tirana,2024,11,19,19.08739290735074,0.706788985673706,0.2783270704986389,3
Elbasan,2016,6,15,14.988428771711805,0.6633647105359253,0.18029428528621783,4
Vlore,2020,5,13,4.947433450630649,0.5088721135018242,0.9015680855277886,4
Elbasan,2020,3,15,23.602261150588028,0.6697787488621051,0.16903751636255104,0
Shkoder,2015,8,20,18.815280520151326,0.22266276409208569,0.8829261188948626,0
Vlore,2021,7,16,19.663149005671993,0.6103670704209261,0.5722433959684513,3
Shkoder,2022,3,10,20.68829208572695,0.5876435938194737,0.8674509553888602,0
Tirana,2016,6,16,19.702611944479823,0.44264830237423497,0.47406421690551215,4
Tirana,2022,4,18,13.263439446065007,0.3410598877968759,0.9276337194810736,3
Vlore,2023,11,21,19.406058415046886,0.7652888856995106,0.21149074360835018,0
Vlore,2020,5,0,17.12556254401691,0.23770348011856754,0.5546917528472746,4
Elbasan,2019,11,11,21.934343007044518,0.24877100509651145,0.12583869051366914,0
Elbasan,2023,5,14,20.85165612208478,0.5083652207889026,0.44722028520236434,1
Shkoder,2023,7,17,4.868862031812458,0.37678818318602353,0.5699036966468424,0
Vlore,2015,11,22,11.95662889698471,0.7218166894549143,0.605675222173172,1
Tirana,2017,5,13,4.729039195861786,0.6439330538448337,0.36552879690727913,4
Elbasan,2023,11,0,6.143573420088057,0.740774357288642,0.07633564216645283,0
Elbasan,2016,3,12,16.62962516207584,0.42727526943646077,0.6553260713826526,1
Tirana,2018,10,14,22.35025824440732,0.7183632577325072,0.4884318604532778,4
Elbasan,2018,5,6,6.516319932894612,0.8036122652184792,0.1368788666372569,4
Shkoder,2016,7,14,13.472875036803462,0.4416921460930002,0.9358759694060996,0
Vlore,2017,5,19,23.128457000935317,0.43792707481328336,0.9556686621834433,0
Tirana,2017,5,9,21.100320657103342,0.8299659827344983,0.8566062798313689,0
Vlore,2015,9,13,14.913025825784528,0.2348531772313964,0.8438683005175974,0
Elbasan,2020,3,5,20.203000225905452,0.44513258401159106,0.09867127586805613,0
Elbasan,2022,6,13,14.976569254935276,0.28307074445026287,0.9934201095825678,3
Tirana,2017,1,23,7.319939082939824,0.22028641317498338,0.4003806798637316,1
Shkoder,2019,10,21,6.619458377655262,0.2790085923527755,0.16312111586711353,0
Durres,2015,5,11,7.955732873408465,0.5018720538261938,0.8121017282172212,1
Tirana,2024,8,10,11.369363994279269,0.6808692484594535,0.22573076846305784,1
Durres,2021,5,19,23.541114621154392,0.40249769710937405,0.5261753206695915,0
Durres,2024,9,21,20.793246686725627,0.7947727151807873,0.12801606520343634,0
Shkoder,2015,11,23,13.088832785752668,0.506330940116845,0.4746457232758885,1
Durres,2023,6,18,14.354610905539054,0.8777596356732205,0.5581414934029423,3
Durres,2022,8,1,9.577798610994712,0.8679089686105901,0.4459239599513427,3
Shkoder,2021,10,21,18.791412085914732,0.7412933558667705,0.069486824752653,1
Durres,2024,8,19,20.8580791007028,0.8526838473026326,0.48493903058276333,3
Durres,2021,3,0,9.016998609019108,0.6949672533127781,0.4689428434408158,1
Durres,2019,7,7,4.878254099515773,0.8269082329938269,0.26162027729067383,4
Tirana,2019,7,13,17.101667806422377,0.36553160215641456,0.9216015996574365,0
Tirana,2019,10,8,15.812754501841649,0.44179414012375906,0.4177923326982561,1
Tirana,2015,12,1,12.444754255606405,0.727051046203403,0.8641157961963851,0
Shkoder,2022,6,22,17.521772777237413,0.49719286674458996,0.1096638296334419,1
Elbasan,2015,12,4,15.562879257688015,0.7861292036771625,0.31887728420618144,1
Durres,2018,7,22,9.262213108478049,0.8143472101114426,0.17633085376804003,3
Durres,2023,2,7,12.352308488077169,0.4098106393046474,0.4084107878481925,2
Shkoder,2023,9,15,12.990384964692076,0.7764155657327014,0.1116366871708786,2
Durres,2019,10,21,22.48520788398684,0.30798498974560506,0.4410348058456205,3
Tirana,2018,10,15,24.17898723670815,0.4339376980757943,0.3538707434482363,4
Elbasan,2017,1,12,22.75302861032644,0.5625754657849722,0.2233150472740052,0
Vlore,2017,1,19,19.102738505091573,0.3585106334727245,0.642179411950315,0
Durres,2019,3,14,16.28484740572226,0.6054874807026395,0.950911488147832,3
Tirana,2024,3,0,18.474494344785054,0.6050865551023525,0.20711347354958687,2
Vlore,2015,1,21,23.72129363538647,0.34483202639563404,0.7117908398984504,1
Elbasan,2019,12,2,9.249973439700467,0.7569489414198196,0.742380889256743,2
Vlore,2020,7,5,15.237530661141504,0.6421511425880477,0.4981205164258624,1
Tirana,2021,4,21,18.481768399008565,0.422432354777468,0.897668346100567,1
Vlore,2023,10,13,18.26418702780977,0.36252934842920437,0.9663900660648401,3
Shkoder,2017,2,3,9.297858151113566,0.8151250971841455,0.3622464520538494,0
Vlore,2016,10,17,16.321362075184787,0.7850195716572568,0.6510332980031875,3
Durres,2017,5,14,20.714175990823286,0.3608324723988684,0.6622126179001122,3
Durres,2023,6,8,13.976658581055121,0.22492365856155616,0.40363552625250454,3
Shkoder,2021,9,17,20.659259610673434,0.7631728170201866,0.3167910744946142,4
Tirana,2023,4,2,11.55753455284565,0.6308559886855302,0.9337441982278135,4
Durres,2016,2,9,23.71396267043894,0.2706174196374218,0.7899815493126753,3
Elbasan,2019,5,16,15.212497250481121,0.6111507443532266,0.11446456597454413,0
Durres,2018,3,6,16.5149069666449,0.516527879753186,0.11988407158488701,3
Durres,2016,2,14,4.658592944896356,0.742185229231584,0.9225427688528266,1
Tirana,2023,12,0,7.575651879700479,0.346359389511111,0.08140976502692443,0
Vlore,2023,1,10,17.291611489891938,0.5172097210135185,0.6884213462431659,2
Durres,2020,10,16,12.817277807427697,0.3093708799763417,0.2267582469444117,0
Shkoder,2020,2,4,14.671439599621669,0.8702690594675926,0.035185342741618664,1
Vlore,2022,6,6,5.322399583407709,0.7451167098476148,0.0596375460800902,0
Elbasan,2020,8,18,21.51684000661807,0.7157056985509775,0.37352210367956207,3
Tirana,2015,3,23,20.474617648220562,0.6831446655145614,0.07758845168936468,3
Elbasan,2018,11,14,7.89243349015884,0.4963355097264672,0.596639199933454,0
Vlore,2021,9,2,17.320916502404966,0.8462976909922013,0.6472545113740756,4
Vlore,2016,12,14,21.184619444739706,0.2510419083489038,0.37346857198304895,0
Vlore,2023,9,4,17.4579368647276,0.7622813501752663,0.7428780757183507,3
Elbasan,2022,2,22,10.518360001212741,0.3506629124740129,0.4900425201695773,4
Vlore,2022,8,11,17.77833416004151,0.4268195689436936,0.4302285034020821,3
Elbasan,2021,10,19,8.419696701347457,0.5636008102771158,0.40698808879012505,3
Vlore,2018,11,4,10.683354942867838,0.7478585077389057,0.43110648734553736,1
Shkoder,2016,12,2,9.041462715250752,0.7869744353576156,0.9678876499344186,1
Vlore,2017,5,8,15.695427150194337,0.6086125751120874,0.6814070600384377,0
Elbasan,2020,4,8,6.272759582076521,0.48212484225427965,0.3152098471611,1
Durres,2019,10,6,23.599517987315114,0.8625516949822469,0.7338598702055653,1
Vlore,2022,5,1,11.003759426920203,0.37256490708755785,0.330267388322916,3
Durres,2020,4,22,8.598372669221828,0.7621662031164447,0.1257149077846762,2
Shkoder,2020,8,22,14.427546085638456,0.6284347350137072,0.4753603574556491,2
Tirana,2015,4,20,9.816954187549037,0.4638265118196496,0.7510238591384141,4
Shkoder,2018,10,15,15.23298581403553,0.20095758905447578,0.3776599108873212,4
Vlore,2019,12,8,11.318692145423796,0.5126195109440388,0.8691741420473429,0
Durres,2017,6,12,6.7734030261498575,0.39370399827960945,0.38695270408775984,2
Durres,2023,2,18,9.583800082572502,0.2730426293278924,0.34983902550673174,3
Elbasan,2015,5,19,13.207236744192029,0.2526109957366594,0.9982439138632666,3
Durres,2020,6,16,4.636157756072138,0.44329082911812134,0.4824720229900654,0
Elbasan,2020,5,5,20.183493067310003,0.630330172118454,0.8052212097135061,2
Tirana,2024,12,3,17.058315856398732,0.7862635207553414,0.8049880560599225,2
Vlore,2019,2,0,16.62855175284544,0.3284942714631288,0.9263693370991793,0
Elbasan,2019,7,17,15.467048569538084,0.4972507799163347,0.08489505445030365,1
Tirana,2024,4,18,16.396576618826437,0.4743692980995065,0.2712202764268423,1
Durres,2019,8,8,23.62769100685163,0.5593758064459609,0.767748091546434,1
Durres,2020,7,12,4.179953427025555,0.7667110895666869,0.5626014923985649,3
Tirana,2022,7,7,5.003793902812735,0.5875516525994644,0.5596149423545339,1
Durres,2016,9,22,8.021361608546849,0.7926584394516059,0.1662153018702408,4
Tirana,2020,1,12,7.513328979856151,0.5629862292482843,0.2811530141139298,3
Elbasan,2015,10,14,7.805083648852836,0.62269315562689,0.5213340857167345,0
Elbasan,2018,6,10,18.11082160282165,0.5061682697450929,0.2771813646746212,4
Tirana,2024,6,11,13.649149322053471,0.7761669062069436,0.21028279269871508,2
Elbasan,2017,6,13,24.827356445028556,0.8466790444552568,0.08775605576999612,0
Elbasan,2023,12,3,8.764604210861842,0.6474013166862019,0.15572601192334556,3
Elbasan,2017,6,0,10.527432121577387,0.7745477144210327,0.768867762491973,2
Shkoder,2020,12,23,24.66905505283463,0.24130233379937022,0.7187791805847155,0
Vlore,2015,10,3,21.466920956847186,0.8342782260126602,0.0458336843487116,3
Durres,2020,7,18,13.865783634249187,0.3322475467873872,0.20328408534411102,0
Shkoder,2018,10,8,15.646534596465784,0.37956429912806555,0.5604553467327162,3
Elbasan,2022,6,9,21.70673633370965,0.23733104774472238,0.32262784423677315,1
Tirana,2023,1,3,14.10058516697289,0.8757800818818413,0.8232496026795305,4
Elbasan,2018,3,19,8.32649819522377,0.7964075946418634,0.7849893076621469,0
Vlore,2024,2,8,21.397335309642095,0.8392292228637586,0.8915805579581095,2
Elbasan,2024,6,12,15.293222316788512,0.7930513174320104,0.5629312315051159,0
Tirana,2020,8,11,7.213894540440247,0.5356713869049021,0.3520764798090985,3
Vlore,2015,3,10,14.61730245487235,0.8468573538635344,0.6060646961849178,4
Elbasan,2018,10,11,12.677270992534035,0.8786309742990317,0.0891366797454578,3
Vlore,2021,8,17,22.413693169516918,0.5517968837525783,0.009586017741467612,3
Durres,2015,8,11,6.647164058574772,0.3229373469301867,0.017093520120355365,0
Durres,2022,5,15,22.379405893408535,0.661035756274166,0.40754293793421614,2
Elbasan,2024,8,4,14.756431353015978,0.8828068028974994,0.22807759410306327,0
Vlore,2020,6,19,12.4916530296041,0.8105028019012124,0.1573377058000477,3
Tirana,2019,5,11,7.401310872461747,0.8032706233021352,0.6153260156181705,1
Elbasan,2024,9,20,18.717177215412267,0.8536726117650975,0.9950950426131812,0
Durres,2023,7,10,23.46294089131085,0.825766582386783,0.17775320361553637,3
Durres,2016,8,8,11.882924431885716,0.743397164812805,0.5464214242139388,0
Elbasan,2019,1,17,9.073285014087503,0.702790982513279,0.11972751399989379,3
Vlore,2020,11,2,15.652205256982297,0.38533702162132805,0.934236441072139,0
Durres,2021,2,19,20.719904917111275,0.6349380149999144,0.29175516857058503,2
Vlore,2019,8,16,4.079121585561194,0.5650420351941227,0.8783398200433784,1
Durres,2023,12,13,17.258926164304015,0.8033608641066938,0.28307643925037684,3
Durres,2015,9,0,16.526836014671247,0.5441988014430503,0.8060524801867195,3
Shkoder,2021,4,16,10.68119590188736,0.28941993447988235,0.2093813334457727,3
Durres,2024,12,7,13.479883075704377,0.20348073972564443,0.2927894301534444,3
Tirana,2021,10,4,9.186227707398238,0.6745111843280656,0.19247536540363397,3
Elbasan,2018,11,4,20.5876004969887,0.5849358709890131,0.26425987784965566,0
Elbasan,2023,10,8,17.32523360068826,0.4316740330509138,0.8348657553333153,3
Vlore,2019,9,2,15.186944062818691,0.3182805050265233,0.6390324975466974,2
Durres,2018,4,18,12.24305016677437,0.5267007256827314,0.40587966883722404,0
Tirana,2021,10,22,10.119072106435375,0.270200530735234,0.9715210270821563,3
Vlore,2018,10,8,21.27746620691206,0.43527594245480017,0.46486152712957374,0
Shkoder,2017,10,21,13.479561079104949,0.46544833436494404,0.9697599712588514,3
Vlore,2023,9,17,14.530395816675128,0.5259330863865734,0.19658692291086022,2
Vlore,2022,11,15,14.937403341355575,0.5266345259371927,0.9046384271149494,0
Durres,2015,7,0,13.415705644063106,0.3799039504319941,0.013822204097494684,3
Shkoder,2021,2,1,9.3778569510069,0.7951476871213914,0.5453032023657575,0
Vlore,2023,9,13,6.527149245104092,0.4488804543797219,0.4230523942920148,3
Tirana,2022,4,13,6.069282610522555,0.36071111622476143,0.5250878454719793,1
Tirana,2022,8,0,19.90671299015446,0.3230669183874132,0.553444831947699,4
Elbasan,2020,7,15,8.69408426833174,0.42580487615233487,0.38903135406771094,3
Shkoder,2018,7,14,5.169129114033487,0.24728701808427406,0.9981978468860951,2
Shkoder,2022,8,14,20.747865540613606,0.22303526608668017,0.9765071903006258,3
Elbasan,2017,1,11,7.235294710073608,0.6235995377620074,0.9617453767045951,3
Vlore,2023,5,15,17.128067926400433,0.633402995234433,0.9790850473765879,3
Shkoder,2016,2,13,11.111508700405128,0.5707117418468027,0.7930123987693986,1
Tirana,2016,2,23,6.656085390517498,0.7335996366622071,0.9885904790263319,0
Tirana,2021,1,14,12.704100564341557,0.2274053809939546,0.8923602252751419,4
Durres,2024,5,22,4.310986083785128,0.8551811757466274,0.4159326370324211,0
Shkoder,2018,2,14,21.661944632763767,0.26654558627994235,0.7847771083834078,3
Vlore,2024,4,18,14.783457188179002,0.6718160960755155,0.9120678451256258,1
Elbasan,2022,3,7,6.922360229067198,0.2933776122585665,0.7126060735870925,4
Elbasan,2023,3,1,8.976586686168678,0.8159338033154546,0.42278234056560393,1
Vlore,2021,2,1,13.40747903490906,0.5574993008615219,0.06579024201642525,1
Durres,2019,6,9,7.966257039126521,0.2576054787125832,0.8096969370605877,0
Elbasan,2022,2,2,9.640582391522804,0.6317068788900515,0.9527428731264703,3
Shkoder,2018,8,22,15.222096848940527,0.20637696071754116,0.36246326022992637,3
Durres,2016,8,16,21.484789273806097,0.7432155249081711,0.1519060509889396,0
Shkoder,2020,12,7,12.438633399488337,0.6554094906522864,0.3265038394705557,4
Tirana,2023,5,22,19.056480744624515,0.3488373245544551,0.5826223581782463,1
Durres,2015,10,3,22.410368482673615,0.4623256413232656,0.31692900328223617,1
Elbasan,2024,7,13,8.542319746219402,0.20546468614222319,0.6106187301963539,3
Durres,2021,4,20,20.95103137844536,0.6855786704798434,0.9668522322446306,2
Durres,2024,1,9,19.905446164951577,0.42586769625680343,0.6707344933076825,1
Durres,2023,11,0,11.495683256910835,0.6001122407077034,0.3626593662856217,0
Durres,2024,2,3,24.77991914951821,0.8697093395401241,0.9357529714715349,0
Shkoder,2023,10,0,9.514019800155097,0.4096266990633095,0.5656352687011439,1
Tirana,2024,10,16,9.350868586665607,0.8931665188611229,0.12837239853256666,2
Vlore,2017,4,16,20.217442457717155,0.6429098702052964,0.49898100519376154,4
Durres,2019,1,6,13.127803679072768,0.36946206639985346,0.6536364449100499,0
Elbasan,2022,8,22,10.946694890401908,0.5057445181148804,0.8382543658167385,3
Durres,2022,9,19,7.7519189121211625,0.7183171856685129,0.9364767867076473,0
Elbasan,2018,4,14,20.071981049625425,0.5125345353781569,0.3174161337163852,3
Shkoder,2015,10,12,20.512757928857617,0.24795529713908668,0.1555123640790368,2
Elbasan,2015,3,1,15.89784406783295,0.31802256296777964,0.07382864219388241,3
Vlore,2018,2,18,24.10358587701883,0.7539084220487617,0.7383546027082828,4
Tirana,2020,5,23,10.68142867887574,0.6538611530026429,0.795158252715432,1
Elbasan,2022,3,12,8.611999955066082,0.5988778341324936,0.40937312692816685,3
Elbasan,2020,10,23,18.2268021476237,0.31733537952878094,0.395925407173629,3
Tirana,2023,7,10,19.926581456793798,0.7864302117452375,0.9542370316546319,0
Vlore,2023,11,21,8.72302538158827,0.8725180767103751,0.9166813250803274,1
Durres,2016,6,14,5.608826049483378,0.2286209682434687,0.23326590191704322,3
Elbasan,2024,1,9,21.02084621831381,0.2546223094576987,0.7808076477498073,3
Tirana,2015,12,8,24.50654144656626,0.8193071523201954,0.62270039623294,0
Shkoder,2016,8,8,17.538118007517973,0.7708865778224898,0.1542227391196399,2
Tirana,2019,2,19,9.835204903021777,0.6325541188579056,0.3567710470865604,3
Shkoder,2018,5,0,24.930124779608633,0.8614756462902966,0.17747294130748248,1
Vlore,2018,9,16,22.758599361608628,0.6525014045944022,0.2951560388218386,4
Durres,2023,8,11,14.780993571886171,0.35118969301065234,0.6153011757733516,3
Tirana,2022,2,9,21.33174698167851,0.7100496266018301,0.37526547104343966,0
Elbasan,2020,9,4,21.132230988522302,0.6519972413219461,0.3940595198358572,3
Vlore,2015,5,17,23.63077836314349,0.8900212914070205,0.5396472926171898,3
Tirana,2016,10,14,21.65940071924266,0.34972701546235424,0.08722413884172275,3
Elbasan,2020,6,5,17.517263955100454,0.6185194554538193,0.7387972898494148,0
Tirana,2016,3,6,16.795378098086655,0.7461172655575858,0.40170953341334004,1
Shkoder,2024,3,16,13.814503054963847,0.43728816253671954,0.4803970882023202,2
Tirana,2019,10,5,17.156198439385903,0.46577570816876634,0.9742997288546317,3
Tirana,2019,8,7,20.69954831713804,0.8215312868298246,0.344366888318254,3
Tirana,2020,11,11,24.34979015235362,0.4829364157262169,0.6482189359739254,2
Vlore,2020,10,20,13.813034521824521,0.6373129963269302,0.3925043172958107,3
Tirana,2020,10,13,16.0467172627639,0.8224666962687779,0.8942827186836781,0
Elbasan,2016,12,11,13.340915396234417,0.34687860816339294,0.8467562669950395,0
Shkoder,2024,2,22,18.038261040651484,0.887314107446824,0.24162427176238432,4
Shkoder,2017,11,9,17.22833058528645,0.691367473779228,0.6917457126109006,3
Tirana,2020,12,21,4.374509594066089,0.5472851858990113,0.06517199589720701,2
Vlore,2022,12,19,15.364392741113827,0.5016443950456984,0.9631853895298901,3
Vlore,2015,2,14,5.858224809679294,0.8680552308860532,0.34899010801415753,2
Elbasan,2015,5,6,4.554055978116305,0.34400737927076647,0.831842772584767,2
Tirana,2016,6,8,20.615140403778664,0.4181782797921729,0.31843136607730993,1
Shkoder,2020,12,9,9.431647105345311,0.4154549288835473,0.632770741196872,0
Vlore,2023,2,9,11.153756623033285,0.40230443431412444,0.9835907919843317,0
Tirana,2018,5,15,5.34577633968539,0.5279766316509824,0.8767498631316303,3
Vlore,2017,7,6,7.769505470381363,0.8924254632874833,0.1603659099049074,3
Vlore,2022,10,4,20.07770118341364,0.8221507367013521,0.5474884331494713,0
Shkoder,2024,10,22,14.364147434885039,0.42956469782504025,0.34853178211469016,1
Durres,2023,8,2,22.494037713553116,0.49600908101109636,0.4343388516482918,0
Elbasan,2019,12,17,12.34208476080354,0.6686365224701519,0.3351831292187686,1
Elbasan,2023,7,10,9.642715450839633,0.21200617648762987,0.33595924819551315,3
Shkoder,2016,8,14,11.29959610363167,0.7741075610799535,0.5425532437766114,0
Vlore,2017,12,20,18.968207663854994,0.8158586401183436,0.1919640091231526,0
Tirana,2021,9,19,15.655119119024206,0.8000402340271737,0.5373954252333647,3
Vlore,2021,5,4,22.988015358600986,0.4625380708198753,0.2789654371983009,0
Shkoder,2020,5,23,16.645544157166547,0.5233996551549457,0.2889829042417996,1
Elbasan,2020,11,11,14.353382378111565,0.2086718253326291,0.7387480290356228,0
Vlore,2016,10,3,20.50080720162139,0.4795767436304856,0.02959360355993579,2
Elbasan,2024,4,14,23.898210865402348,0.5222987756566211,0.3809457626738071,1
Tirana,2020,9,8,11.47276413614438,0.8348820051479351,0.40753438015364507,0
Elbasan,2018,5,6,9.247400413475031,0.8257913716300731,0.48511013971817274,1
Elbasan,2017,2,9,16.940565322176923,0.8762679448615367,0.6690110247295387,0
Durres,2016,10,22,14.4763292442315,0.8195734895633642,0.36968678273708655,3
Durres,2015,8,12,24.77289707216045,0.20574049659935195,0.21313710430645505,3
Durres,2019,7,7,13.7095974671024,0.6490225966325538,0.8848728405463087,3
Elbasan,2016,8,11,5.560962578567263,0.24776637817212857,0.9810386266812119,1
Shkoder,2016,12,21,24.52475027633035,0.39081600046598974,0.020014693172932807,1
Elbasan,2021,3,23,21.715325857464343,0.6048153406294062,0.5464668510006979,3
Shkoder,2022,4,18,7.74325302311723,0.6904296728852772,0.3417023791091982,3
Shkoder,2024,5,0,22.996710315370255,0.6582424181419666,0.27698957538720925,0
Durres,2022,6,15,11.154003237256637,0.23434085718605027,0.3357063908699355,2
Vlore,2018,1,21,11.919351675223336,0.27252270869868644,0.6388777564262006,0
Tirana,2015,4,16,23.034221129605346,0.2900107690518914,0.1907160102297949,0
Durres,2021,11,17,15.132426865741621,0.26399006373878375,0.9128607116579502,1
Durres,2015,12,10,6.893021517368912,0.3247640962885256,0.4661145249394758,0
Vlore,2018,10,17,11.750179346177884,0.6819414539180915,0.3255768331493284,4
Tirana,2022,5,6,19.164046371625496,0.781586075811407,0.765531331547599,3
Elbasan,2016,7,17,7.657867949428351,0.48616972305138717,0.01634666523619266,4
Elbasan,2020,5,7,16.394855145533533,0.6849470544998405,0.43185286573803683,3
Durres,2020,1,5,18.600756791832755,0.3400113828860786,0.35530360100122993,3
Tirana,2023,11,6,11.220925086394166,0.8812961061433857,0.33820990998973444,1
Durres,2019,7,22,18.571494462874767,0.4449982660003328,0.3370713620905832,1
Shkoder,2024,8,21,22.568354388415692,0.7921068343433846,0.031271377747267404,1
Durres,2018,7,9,13.914451628898059,0.861756460840571,0.15211640300883977,0
Durres,2019,11,10,12.041095891775498,0.8052997740127115,0.1418851593124144,4
Elbasan,2024,4,12,9.274326428523999,0.24694735607820226,0.9886105048195221,3
Elbasan,2019,8,8,16.68831507712939,0.6552150101150792,0.02216575589061176,3
Elbasan,2022,5,6,22.476893008813036,0.28406349460008584,0.16707365635199822,0
Shkoder,2024,10,8,10.817886610889076,0.2039641003680577,0.9741745086586968,1
Elbasan,2022,9,12,12.320946015283374,0.23624841076014721,0.6282565938100043,2
Tirana,2016,12,2,12.539135868549662,0.8413044375129402,0.4506671206067313,0
Vlore,2021,12,2,15.77705917732786,0.8359244599822755,0.07876093304636989,3
Tirana,2022,10,0,8.79658819291621,0.35807707143482365,0.6696611616328767,3
Tirana,2020,5,20,21.26643426146179,0.5829428503590384,0.13780298768126786,0
Elbasan,2019,1,19,10.207647827588648,0.8685197835861482,0.6711861221591816,0
Vlore,2023,12,1,18.81261650883032,0.5476942907877338,0.9791764972000584,2
Vlore,2017,9,2,14.777530577370591,0.47550447410203056,0.5319726586169528,2
Vlore,2024,12,14,16.303849670407892,0.5382740858312371,0.2140846545026608,4
Shkoder,2018,5,23,7.771783515373361,0.7531510330863609,0.6252837508795982,3
Elbasan,2023,6,5,19.43548716174158,0.5340943427732647,0.5129296877912829,0
Vlore,2020,4,12,7.9610308998952535,0.7482943768976587,0.533140263610646,0
Shkoder,2022,6,20,6.382946390176222,0.502188211948653,0.4781069461199968,2
Durres,2021,12,0,15.480269497664526,0.376403969847968,0.6737405742435558,0
Durres,2016,8,19,18.89523987527097,0.4285309108730344,0.571945362407002,4
Shkoder,2017,3,18,5.0507525651298915,0.25447642524601616,0.9869950774543729,2
Shkoder,2015,5,0,5.457301613751383,0.5481668010864935,0.8258634210423188,3
Elbasan,2023,2,20,20.8562624168243,0.3036776474223161,0.26469837771100657,3
Elbasan,2021,2,21,20.989686689653972,0.7680829044343129,0.7257565219049736,1
Durres,2015,7,1,9.151399058240706,0.4944134019098259,0.21430034938473452,1
Vlore,2017,10,14,16.91979225880427,0.735501626794206,0.7823464080813912,3
Durres,2018,10,13,13.30678157803785,0.8681222992770434,0.14755763997734217,3
Vlore,2018,11,18,17.286616869473775,0.7946345647992652,0.4735538335472381,2
Vlore,2019,10,10,22.120464966083727,0.8660245758220737,0.7906061983060746,2
Elbasan,2017,6,14,5.676984916227386,0.5975555688095111,0.2801127023065654,3
Tirana,2017,4,5,20.33767294575754,0.3157271037863793,0.8371191251316631,0
Tirana,2015,5,19,14.353611194941825,0.8547771679285905,0.644150709033972,0
Shkoder,2021,1,8,15.846665819001926,0.8079530734177396,0.39752232910721585,4
Elbasan,2024,7,4,17.732558560359525,0.80508909374685,0.42341670930627184,3
Vlore,2015,8,19,23.375086131711253,0.6852920991861029,0.9259915339198553,1
Tirana,2016,9,1,5.191119024586495,0.6374413835302556,0.21779100001237928,0
Vlore,2018,8,5,4.619003394613401,0.21030672430293207,0.6933626151747102,3
Tirana,2018,5,17,7.743497411264243,0.7236378483616814,0.7072942057415355,0
Tirana,2019,3,22,24.715402246561467,0.26407458223796404,0.9224496931836367,3
Tirana,2016,10,18,19.01660371493329,0.38182565527180307,0.7131642687573406,2
Elbasan,2018,11,8,16.90746350014454,0.5860432067459358,0.584467418058375,2
Durres,2015,9,20,4.987820121709706,0.5162128094132291,0.9025225390162929,3
Vlore,2016,6,23,22.46131470175226,0.2110420728400122,0.829132029648398,3
Elbasan,2015,5,5,21.06789391924035,0.7767895409161987,0.7167764548342263,1
Elbasan,2024,3,13,17.960800921208783,0.8151606706601484,0.032578382392174476,3
Elbasan,2024,6,23,11.121747125178757,0.6773110604477368,0.3735204182403614,0
Elbasan,2018,3,12,5.480604066933403,0.5787475010597757,0.6318896722018543,0
Elbasan,2018,10,10,16.180808245919373,0.87251648722963,0.522250524356765,4
Shkoder,2021,12,11,19.113586000677586,0.28396934542373437,0.31931832649784386,0
Vlore,2024,6,18,5.9790473600221965,0.7165370375654923,0.1444239155097765,2
Elbasan,2023,4,18,17.309120855768413,0.2898524290266385,0.5529965826889216,3
Vlore,2023,2,20,10.01368742563033,0.467291359246391,0.285917575862213,3
Shkoder,2019,8,18,20.049128645616047,0.6098391564196851,0.23300048980899635,3
Shkoder,2024,4,23,15.331932862638578,0.7159613833530465,0.39895822705493356,0
Vlore,2015,9,12,6.70977254401917,0.20260127019038882,0.7854914332142686,2
Tirana,2015,7,13,15.056908402397957,0.3824185204602433,0.4878535023663122,2
Durres,2020,12,23,12.310474130701092,0.5767402739868742,0.21649221049866996,0
Tirana,2016,2,17,7.78747533391469,0.5730115754130549,0.11690314228004839,2
Tirana,2022,4,11,21.671830205304587,0.6463385044623848,0.49898726377479996,3
Tirana,2023,5,3,4.2315974184818606,0.4126975066077557,0.7943663984222346,3
Elbasan,2018,3,9,10.554693814440224,0.578370475762255,0.6528180236539404,1
Shkoder,2019,9,16,4.2644958015579615,0.33285074420420346,0.23214888014324964,2
Tirana,2022,5,3,6.016145876629206,0.33081055008241883,0.4367065856894923,2
Shkoder,2017,2,11,10.239020602634703,0.6035947743958248,0.8552303633440688,0
Vlore,2019,11,12,5.139694893176845,0.6798308095317387,0.1776559078528389,0
Durres,2017,3,3,16.529241179499962,0.2842799766769016,0.532080570682897,3
Vlore,2024,9,9,5.8241210677098385,0.28595293133295635,0.35623150876084153,1
Vlore,2017,7,2,18.735986315387997,0.5957118840223152,0.12417975482951937,2
Elbasan,2017,2,14,5.105484365170383,0.3890670265985519,0.049903920910898236,3
Durres,2021,9,1,5.245486790823033,0.4746793715687801,0.5558713846457952,1
Vlore,2021,4,16,10.411843879698594,0.4805239133533045,0.020748873740378926,0
Vlore,2021,9,5,22.828002024354827,0.3249870014994415,0.10344611669293491,1
Durres,2024,2,7,17.469258223189648,0.20092024340143852,0.3475642811617412,3
Durres,2022,12,2,20.172757130507307,0.7972062669783051,0.04352018535576274,3
Vlore,2019,10,17,6.972594299019227,0.7005013782283818,0.40044522645188485,3
Durres,2019,12,21,21.516634098192164,0.6833769906808959,0.130365024176891,3
Vlore,2018,4,0,4.171071212078938,0.5825535966793238,0.34987309070015393,1
Vlore,2021,5,15,8.474204365393128,0.6906787582046843,0.7911596870900682,1
Elbasan,2024,2,6,16.93793874414986,0.854981864283338,0.626364344476658,2
Tirana,2018,10,2,11.880174580475057,0.6659716153605038,0.44540107778750915,1
Vlore,2016,1,22,24.668061226089833,0.385563981349215,0.09183330785516042,3
Shkoder,2018,7,3,4.637124183184683,0.5993920362186286,0.6191496593147331,4
Tirana,2022,10,8,24.970561526667407,0.5096270823563471,0.16370965250905034,4
Tirana,2023,1,4,17.096184490087637,0.5894933917785046,0.07658634386161489,0
Tirana,2017,11,18,15.732846886518027,0.5623273341889775,0.6639960174596078,3
Elbasan,2021,11,14,5.249761293843462,0.8011426996599254,0.9120598978210075,1
Vlore,2023,8,7,9.739906409983703,0.6562600723667469,0.46059343677052234,0
Elbasan,2018,3,5,23.41791645412351,0.33213093455387277,0.04099591060811403,1
Vlore,2024,10,17,11.43916606697413,0.24411174521275958,0.880297717418541,3
Elbasan,2017,6,18,17.89471720981227,0.4970546520769428,0.06697376612357409,0
Elbasan,2019,7,23,24.989423358793154,0.2109274355804105,0.8675132427015871,0
Shkoder,2015,10,14,9.524463990504366,0.42280817008333493,0.39181937322293103,3
Elbasan,2017,1,6,16.097698459304368,0.45761502860745795,0.3653945386230897,0
Durres,2022,6,9,18.625193646746474,0.46291221180694675,0.5427973794564518,3
Shkoder,2022,7,5,7.457172177873718,0.885545017026725,0.9570848174442188,0
Elbasan,2018,6,13,7.122123837619824,0.4127306138807278,0.8987405450859782,1
Tirana,2016,4,16,13.58246614482164,0.3856592467650348,0.4703300883047672,3
Durres,2022,1,8,12.102062956945076,0.29056665174727886,0.6958232310238185,1
Durres,2022,11,18,18.99852417400359,0.5577061849778289,0.5804292523434124,3
Durres,2024,9,4,5.459684200420311,0.30757201434953446,0.6934615790631674,2
Shkoder,2018,4,22,24.4154990985545,0.6314062989115492,0.829327460062097,4
Elbasan,2017,7,6,4.299816615402479,0.3086118452568447,0.03449382886859387,0
Elbasan,2016,7,18,16.627653311059177,0.6036713224314407,0.3257598539278975,4
Tirana,2023,2,19,15.815284513215156,0.7783884674222383,0.9593291082338672,0
Tirana,2015,1,6,6.829030348264241,0.22976724346336486,0.9493363085249241,0
Durres,2021,8,23,7.1692356369841255,0.49382288244274414,0.011220889977462511,1
Tirana,2019,8,1,20.64622724368716,0.5227342770531849,0.20144012992236626,3
Shkoder,2022,7,22,22.638811626666346,0.7537505004346787,0.9937700423443627,3
Elbasan,2018,8,15,9.943356283559162,0.5275409423618809,0.4928250758994859,2
Durres,2021,3,12,13.197243243213936,0.5972750505194242,0.5728660039668526,1
Tirana,2019,11,7,11.454895861805426,0.7538429775116497,0.16642018552245252,1
Shkoder,2019,2,5,5.52348727271969,0.5918309450505035,0.8943356087585296,3
Shkoder,2023,7,5,18.137289166331996,0.4508095894637077,0.23126429964911288,4
Tirana,2023,8,8,21.329051630919494,0.2600895943344076,0.18964763001953655,1
Elbasan,2023,1,3,10.402466505215349,0.7109409406588043,0.22812240332032818,4
Tirana,2020,12,10,24.793691666245085,0.8097967051135087,0.9196217026410087,0
Durres,2020,10,4,5.592882702929454,0.8790451759141149,0.7028467071768492,2
Tirana,2019,9,16,17.897604990104938,0.8486199165400978,0.7685963944902751,1
Shkoder,2023,11,19,13.412788305047869,0.758192536183274,0.37703635818425274,0
Tirana,2024,4,6,13.378639923239774,0.6504303525720097,0.9091770149305614,4
Elbasan,2022,12,14,13.610557936704346,0.7470221020814469,0.7894079523393898,3
Vlore,2021,4,14,9.432317249829996,0.5024585989964475,0.7505973625073212,0
Tirana,2021,3,13,19.02681937397688,0.6163433503535845,0.9709402836729517,4
Elbasan,2020,6,12,19.153107047785564,0.44408986639742964,0.36619683079334864,4
Elbasan,2019,1,10,9.930339312222367,0.4286964504862679,0.6109736467958812,3
Shkoder,2018,6,12,21.541435678027455,0.7296842412932236,0.9099296989772162,3
Elbasan,2017,2,21,10.653743816656931,0.5177529476124931,0.7908889431859525,1
Elbasan,2017,9,23,19.226955603717386,0.34851288405172043,0.563378958225615,4
Elbasan,2020,2,8,6.540995117753395,0.3413567133593061,0.07621368478019885,2
Elbasan,2018,7,9,7.542734498878659,0.8014206530989534,0.6527234395556732,2
Durres,2020,12,3,10.631708534673274,0.6744323460538698,0.5265555568678522,1
Durres,2017,1,16,16.471349121025092,0.582232251350681,0.1841804614846264,3
Shkoder,2018,12,13,17.555741195052683,0.4806571151974516,0.8822531233425974,4
Tirana,2023,7,23,12.323479611316973,0.501572173550988,0.34324859489874326,0
Elbasan,2019,5,17,5.634622215320794,0.2402046359364607,0.38747989351729695,2
Tirana,2021,8,10,11.84632769394721,0.51843710140749,0.6724015487964106,0
Tirana,2024,4,15,18.464117835142183,0.7568184374354572,0.48879874204124096,0
Shkoder,2016,12,0,18.090904683736635,0.47159053606672563,0.08928107627914939,1
Elbasan,2019,10,6,7.364124677314297,0.4685068767802805,0.38744161735523475,4
Elbasan,2023,7,9,4.16346337564831,0.21100160811350147,0.09446611793823312,2
Vlore,2017,6,8,19.812613963218453,0.520484683790648,0.1907504031233812,1
Tirana,2023,5,2,6.233731494090118,0.2177363570635768,0.007174438350453838,3
Tirana,2020,4,21,5.729332023249995,0.5992445996061327,0.1813130814846622,1
Durres,2018,7,22,4.056725553517433,0.5547483671076199,0.3304473539983609,3
Vlore,2021,12,13,13.084627845095472,0.7880059492467992,0.5382184337322946,3
Durres,2022,5,14,14.568541918917102,0.6072464276480048,0.9192772111827322,3
Durres,2020,5,1,17.390944969120405,0.4263991487255506,0.5403268672420553,2
Durres,2019,1,23,10.217340654964303,0.5613617065918399,0.7056035413643416,4
Shkoder,2020,2,13,18.91891904412238,0.6897944490249431,0.3576770913057742,2
Shkoder,2019,5,15,7.555969005545773,0.26577465678726797,0.7516307935672674,3
Durres,2022,3,6,21.471791115317295,0.6347518619293036,0.6204687460514774,3
Vlore,2015,2,3,16.008814906699357,0.8416383973845853,0.45979401327486125,0
Tirana,2021,4,17,16.261686290813017,0.40939120694187103,0.19376879489122578,3
Vlore,2024,4,23,8.405283689361271,0.6386375664134886,0.30354090799729894,0
Elbasan,2024,4,4,5.556283735308153,0.7749306152451705,0.6209460873757551,2
Shkoder,2016,4,5,13.7592208646941,0.5582644782070368,0.42605632436457297,4
Tirana,2023,3,6,16.92785099036954,0.7025856738142693,0.8893865567490519,0
Tirana,2015,12,14,5.995975631895398,0.417707236942482,0.2348402715355853,3
Elbasan,2024,7,0,23.9612239650915,0.41424091704760135,0.07307265225327231,1
Elbasan,2020,9,23,24.588701564888943,0.6673088152589924,0.5893485765054844,1
Durres,2023,12,3,15.454590603242332,0.6937862117814386,0.886050840190076,1
Shkoder,2015,5,0,23.95145226074153,0.8559067896585006,0.36473902943978864,3
Shkoder,2018,4,10,7.768349989197914,0.35738700230258214,0.6477113348681651,0
Vlore,2018,11,17,4.533834388770023,0.5277523172615783,0.23141262217714864,4
Durres,2023,2,13,4.827600241098189,0.375359431214724,0.5584719216726883,3
Durres,2019,2,21,16.33776206796236,0.2560645126161718,0.7867921008626532,2
Durres,2019,5,10,5.294479552173295,0.4822613695632414,0.8670315987766839,3
Durres,2020,7,9,24.129457743305828,0.4618565231017423,0.10511912985239669,0
Shkoder,2015,10,16,6.98059742594737,0.3893038839875316,0.35637451629324546,1
Shkoder,2015,10,3,10.399178927112551,0.4078964237975915,0.6396444419358702,0
Durres,2023,9,23,21.272873841965318,0.4522882644458947,0.034722868093652215,1
Vlore,2017,7,14,8.593546785185953,0.8921863429460655,0.690615200150827,0
Tirana,2018,5,15,9.102337627545982,0.748070436177096,0.5280338828038271,4
Tirana,2015,10,20,17.488488071611382,0.24998084076083488,0.2885662792200264,0
Vlore,2023,10,12,9.797807858274508,0.8106892235406913,0.8146544505940505,3
Durres,2022,10,8,8.566400314161706,0.6433123284790699,0.29005071229577517,0
Shkoder,2016,6,10,9.337732000418807,0.8234156320853363,0.9914150462038034,1
Tirana,2022,11,10,14.303597486155263,0.4391967809911598,0.8163701891133404,1
Elbasan,2021,12,5,24.288097327361125,0.5251632053682032,0.7079805013830877,0
Elbasan,2020,3,0,21.476996772785796,0.8273589401156758,0.061347557962646015,2
Vlore,2015,5,21,9.97681555576372,0.390801195139577,0.9043103719872735,1
Durres,2021,8,5,11.630837378460052,0.8408506133717908,0.7900553057375509,1
Tirana,2024,1,12,13.754757260585626,0.7799497985009884,0.22902507929180227,2
Durres,2021,12,21,24.557522587356797,0.8863905586365053,0.392248181326889,1
Tirana,2023,1,23,7.6201998350500295,0.42698031091145416,0.26863155161914287,2
Vlore,2015,7,21,11.50714517332954,0.36502722600334836,0.9844160341810665,3
Vlore,2016,5,4,19.317947973637015,0.43160682793200966,0.8541964448055595,3
Elbasan,2023,5,14,24.242818419647808,0.8682548571921147,0.9302253026951025,4
Durres,2023,1,17,7.269179468048991,0.4331513072370591,0.7887742363754299,3
Elbasan,2020,9,19,8.774979038081261,0.5956482739700667,0.4563482410702475,0
Durres,2020,1,13,8.739588162199034,0.4825754978105599,0.20543424981468505,4
Elbasan,2018,5,14,4.439572619333544,0.47735410113724663,0.2080801569097338,3
Shkoder,2018,10,4,16.686428124599942,0.33536502691533865,0.151682848366677,1
Shkoder,2019,9,3,18.08476455706377,0.575955678558313,0.546649550303397,1
Shkoder,2017,4,1,16.65304369263032,0.7945829784770448,0.9199665228636426,4
Shkoder,2015,8,6,5.4977827776691015,0.23463950948770956,0.9917980700457663,3
Tirana,2015,6,9,5.453832640658266,0.8224586155643951,0.2872998000367648,0
Shkoder,2021,11,15,8.418117644376604,0.6658310755961097,0.6973145402967293,4
Vlore,2015,3,9,10.096184829677206,0.631716656402432,0.5970980156103778,3
Vlore,2015,4,17,20.517416774110995,0.6381301630467946,0.4889361168763111,0
Tirana,2017,2,16,7.347195580727344,0.4073888851681286,0.6657686438120414,1
Shkoder,2024,1,20,4.925936544348175,0.4906011527078014,0.37136301898006896,3
Shkoder,2018,8,12,12.273737661974158,0.7595030041329502,0.9444847750934495,4
Shkoder,2018,1,0,12.744235572980326,0.41446672585540273,0.705448867706337,2
Elbasan,2016,11,0,13.46905410196804,0.5290141467008878,0.7542010919924448,3
Durres,2015,1,14,21.364974424566338,0.21374258997135734,0.24242209500607392,3
Elbasan,2017,4,0,6.058113712289776,0.7134908470548547,0.16858200349761943,3
Durres,2018,10,5,18.782783730861205,0.4923915236750239,0.394340793094323,3
Shkoder,2017,12,12,11.096856991951107,0.5677511379315225,0.766672485336154,1
Shkoder,2022,10,0,10.50958286514487,0.28028252246753105,0.9387959097528575,3
Elbasan,2024,6,4,23.583405647805577,0.8941999601512058,0.4273298259740078,0
Elbasan,2015,9,8,9.217839012751583,0.4117274788893922,0.774156792497166,4
Durres,2016,1,16,17.493168542126693,0.6444927631175152,0.47040761946680953,2
Vlore,2021,7,15,9.777682904897933,0.6068654413981258,0.2952282495554638,3
Durres,2018,10,7,14.650021535448088,0.7495645427474933,0.7392651507258476,4
Elbasan,2022,11,16,20.512150744521836,0.4056858689353724,0.7982021339813272,3
Elbasan,2017,5,14,22.516172993841472,0.729149141498066,0.20284079408068023,4
Tirana,2020,12,23,21.612642046196058,0.46775121148001403,0.30516950204533067,1
Elbasan,2023,8,0,16.225795459037435,0.48781267609244433,0.49477684347366224,1
Tirana,2015,7,11,9.225142622102664,0.670898768540739,0.1865218297668767,1
Vlore,2015,4,4,17.88590104849918,0.7490000402183281,0.9288342987537925,0
Durres,2022,4,23,18.908005961371767,0.6668066452843913,0.5913339125607484,1
Durres,2017,6,5,4.22453179238353,0.8299156643998065,0.12120327737169267,1
Tirana,2019,6,0,13.223420729569366,0.39961132065704713,0.18402986468246207,0
Durres,2015,9,0,21.708502899257052,0.8304317124713645,0.9543553453248445,0
Elbasan,2019,12,9,14.281339521103995,0.2916044681603651,0.7381685856966183,1
Shkoder,2020,5,9,10.538884285429745,0.6616712233209864,0.7344050845049861,0
Tirana,2022,8,2,22.307753191517918,0.5833414559661243,0.07249859400505454,1
Durres,2017,5,16,7.27349464812592,0.5462451582909126,0.895298837708947,2
Tirana,2017,2,18,8.335349880740207,0.4176384202035248,0.4437353625586046,2
Tirana,2024,6,10,18.4348197056588,0.5526129217157639,0.6597173226399262,3
Shkoder,2023,9,17,11.401154772058074,0.3132413494692923,0.959689219114014,3
Elbasan,2018,3,1,18.973353550409357,0.4585246609481729,0.10001238035655691,0
Tirana,2018,1,8,7.31177604644933,0.2690766422387142,0.4822764594865787,2
Durres,2021,1,23,9.297650881617765,0.6002926198504237,0.04961273666193178,2
Vlore,2016,3,16,7.289594945636304,0.2670375203397389,0.49954542332371543,1
Tirana,2022,10,13,24.0111165848337,0.31224125073361597,0.25225941048757106,2
Tirana,2020,5,3,12.513483177869407,0.2598267610412369,0.9110655292738706,1
Shkoder,2017,3,16,11.081618108114746,0.4669174479664545,0.39849249427308686,3
Elbasan,2023,9,16,4.298245279586059,0.7893709180928439,0.6338724460520792,2
Vlore,2019,8,11,7.2217691676286355,0.8348274741436794,0.860287264814549,3
Durres,2022,3,19,12.843852981092489,0.2503226182200094,0.9836918584171765,0
Vlore,2021,9,17,5.438558644009776,0.6441850986031389,0.503819370328546,3
Durres,2022,6,2,14.725525919630556,0.6790697972144514,0.4557577028614559,0
Elbasan,2021,7,10,13.555324207753404,0.573638959702417,0.07573964529645871,0
Durres,2017,4,17,20.110530947231393,0.6668894030286822,0.012738943337215036,3
Shkoder,2016,4,3,17.855856729406646,0.36358350081016666,0.6088020924984962,0
Shkoder,2021,12,16,13.36489341173205,0.5427509482733113,0.06546435214764601,4
Shkoder,2017,2,17,8.717874702206501,0.4736130943250799,0.38037893703847325,3
Shkoder,2017,5,4,19.26413488637393,0.26279556600774173,0.003606436106461497,1
Vlore,2016,8,13,18.865104172538288,0.6378895078057423,0.6152274989656707,0
Elbasan,2018,7,9,7.219219370823136,0.5466506348700824,0.4254151604404962,0
Durres,2022,7,14,23.209788459933456,0.39262181883180824,0.12702076978628785,3
Durres,2015,6,0,5.352507436315907,0.53157968228236,0.2963676068408221,3
Shkoder,2015,3,15,5.15579188674704,0.7427086128782521,0.5696606989719245,1
Shkoder,2019,5,10,7.934358770910967,0.7611604339656446,0.656713368009977,3
Tirana,2019,1,22,23.098676759024194,0.6546682901245584,0.4623358796634468,3
Elbasan,2015,7,19,14.919960604775358,0.5274234833801146,0.8039591160909458,0
Vlore,2020,9,5,20.546759334130904,0.6030247474426936,0.11244041170298569,2
Durres,2015,1,23,8.784706949606512,0.469510759948932,0.08454572261240778,1
Tirana,2019,2,21,14.294661467728558,0.28858944009596676,0.04424426901780831,0
Tirana,2023,3,15,11.524078736101528,0.4699344181702643,0.5358278394494422,0
Durres,2019,3,1,21.384400748390046,0.5712329292487439,0.7062317042344579,0
Vlore,2020,8,0,4.474693226543759,0.6191838102554088,0.13052139942252972,3
Tirana,2022,7,23,9.120697329288213,0.8550606832382346,0.6389456218553925,0
Tirana,2015,6,23,7.204058710349955,0.7441334115214313,0.4769477661895347,2
Elbasan,2016,10,8,22.042969813152958,0.30639479301127415,0.9873445001511152,2
Vlore,2023,10,21,13.818420843569081,0.32192754465704965,0.7174736092664115,1
Tirana,2017,11,11,12.48862092175754,0.2703463314678278,0.6574733351916259,2
Vlore,2020,4,16,13.439138004122677,0.7167272090546424,0.5704497348723445,3
Durres,2019,9,14,24.410415564749037,0.6942855949442999,0.9973661815497038,3
Shkoder,2016,1,18,21.85561528105441,0.8904540311878169,0.9804591708545773,0
Tirana,2021,11,21,18.83374420885646,0.565416392365044,0.5381151254945216,1
Elbasan,2018,2,9,10.100058143688347,0.7784904501942174,0.4551833473342617,3
Durres,2015,4,11,7.4686329898874035,0.6035079010499513,0.46211492270175236,4
Vlore,2018,3,13,23.35010620951352,0.8118606987692059,0.42834239032336563,0
Durres,2020,1,8,12.88458597872614,0.7047147275119261,0.5313983069963222,0
Tirana,2021,5,12,9.853871788841213,0.650018810493877,0.27358426781437073,2
Vlore,2021,7,2,13.889337354770344,0.5955858696881353,0.9267887831144266,3
Shkoder,2021,2,20,23.274795879227394,0.7060793671100825,0.49023008146193525,0
Durres,2017,5,13,12.128413581217156,0.4937576898697073,0.8420078118386092,0
Tirana,2020,6,20,15.81546094221009,0.26760360649396486,0.47530367466762,3
Elbasan,2022,11,9,20.862292323279902,0.22799029015848857,0.7182902739102429,1
Vlore,2018,7,15,12.969783152016216,0.5353166121264217,0.33688196447658003,1
Durres,2022,1,6,8.904377840453733,0.6195041075540989,0.6248068577332605,3
Durres,2016,7,3,24.8850407160437,0.2551943213994378,0.4983714454509194,0
Shkoder,2024,4,19,24.08798800649535,0.40083248423847156,0.36711425653360985,3
Shkoder,2023,8,22,21.713062551635794,0.425422544182841,0.881556261068001,1
Elbasan,2023,4,10,18.455851467104374,0.5939568746457758,0.11271168274890897,0
Elbasan,2022,6,15,10.192178189463636,0.39493771922995236,0.4869231483191103,0
Tirana,2024,9,19,23.18167170144467,0.2669540196892047,0.19436907326613673,0
Tirana,2024,5,3,9.786690072545804,0.3153997186625851,0.8610550912175915,0
Elbasan,2015,12,21,20.816999388213482,0.32176346112293525,0.2534693447156634,1
Elbasan,2016,4,21,23.283421526767434,0.7898864609559331,0.6334303401118216,1
Vlore,2020,8,22,16.663080649028142,0.39902378088480406,0.16556351508535405,0
Shkoder,2024,9,16,20.864180575714755,0.7002842137403298,0.4049136694708366,2
Tirana,2019,4,12,20.62559708323668,0.597487122437514,0.8993571956493642,0
Shkoder,2023,3,10,8.056312773540578,0.8839271275315093,0.16606444440194046,3
Shkoder,2019,8,2,18.026413945517778,0.39097586821614155,0.6631958253483397,3
Elbasan,2016,5,8,5.962826674993314,0.3108611143704402,0.20451037055595478,0
Vlore,2024,2,5,14.664853005887108,0.2364264863861923,0.4157490525321659,1
Durres,2018,10,21,7.406946510952127,0.36867176359689635,0.5406168843745993,4
Vlore,2023,9,20,12.743339474725065,0.6788496204907748,0.5773064181897478,3
Vlore,2015,3,10,21.49262356866719,0.2596807572458024,0.6025113375531553,0
Shkoder,2015,12,15,24.730524632234292,0.371291291604761,0.6401314153909222,3
Vlore,2021,2,18,10.677156464851972,0.7987158577288085,0.2717686976737975,1
Tirana,2017,1,4,15.17106967444671,0.6080670645551642,0.4013674857171591,1
Shkoder,2024,8,13,14.73725851178026,0.24866507817723682,0.037318663575064415,3
Tirana,2016,11,16,24.042431706452387,0.2333782009748343,0.7687569765313751,1
Durres,2023,3,2,14.050258381088245,0.24278601272803682,0.8370995017889024,1
Shkoder,2017,7,3,18.681230313393655,0.8593125351030768,0.19923676348554553,3
Durres,2016,1,15,23.35757389527905,0.7949099999927383,0.20144396462968184,0
Shkoder,2022,1,15,11.84094975027364,0.7914580294131424,0.04203640219042071,2
Elbasan,2024,12,20,22.94456700315314,0.8469517335704821,0.9703838227924875,3
Vlore,2020,9,3,23.266580659711284,0.5536787731756372,0.8071865681172291,0
Elbasan,2020,12,18,23.543912583309744,0.3731412698003408,0.3607032029060321,3
Durres,2024,8,16,9.679369894899954,0.4809436029669627,0.4819082714698253,0
Vlore,2021,12,12,12.407467479669128,0.7032048510186675,0.2919669606508686,1
Shkoder,2021,3,21,22.27831407273974,0.8132230100648856,0.5972439683220844,0
Vlore,2020,6,22,11.542398309888794,0.504563648689667,0.7173084123335083,3
Tirana,2018,11,23,16.605313691603605,0.5747666687674429,0.44736847799187207,3
Vlore,2023,3,0,6.479144652461091,0.8522480952933773,0.8735941932916235,2
Tirana,2020,12,11,5.181774750336056,0.2752490459766004,0.51702586221881,0
Vlore,2018,4,3,12.651873779335624,0.8036094518818868,0.14425326907781078,2
Tirana,2017,1,10,16.157247184447066,0.31151523757635513,0.6222913758376416,3
Durres,2018,5,4,12.246681380537769,0.5387029452034342,0.46223096590780255,1
Elbasan,2017,1,1,16.13245117337768,0.3528961900641417,0.9356718630817258,1
Shkoder,2016,1,16,14.816771899607486,0.6220633414834229,0.39189392093591346,1
Vlore,2019,10,7,18.399851815007594,0.5910013951957862,0.40286573915010404,0
Elbasan,2016,11,5,17.640181052373187,0.4660051549685263,0.6507733897816103,2
Shkoder,2020,11,20,12.909159767338181,0.804312460391587,0.526986218326428,3
Shkoder,2017,7,8,12.924900048817129,0.6618693242016418,0.37444987753843484,1
Tirana,2020,12,12,6.956345140256872,0.7048435874733605,0.9897744156800895,3
Durres,2024,6,10,14.778010014025643,0.305461816745368,0.30218550999941685,1
Durres,2023,2,15,16.33076169084963,0.8182159745829323,0.27752879198502856,0
Elbasan,2015,11,15,14.006277344430352,0.3169281145340129,0.8644276285221034,1
Durres,2020,12,1,10.83985403682698,0.35594947494697216,0.003372943550555507,1
Vlore,2023,2,9,19.154619429286456,0.2896385969478163,0.20125316090490764,0
Durres,2018,11,11,5.567894537549705,0.5082514455781708,0.5904466882619761,4
Elbasan,2016,7,7,23.203247764834995,0.8213964622266168,0.16245052784466485,3
Durres,2018,1,10,4.433512230461659,0.3767132637269017,0.9858039227235882,4
Vlore,2015,2,9,24.209352802203835,0.46162739429606725,0.46419562242163104,1
Tirana,2017,12,12,13.709467619627912,0.7922464940527953,0.5973640749605509,4
Elbasan,2024,8,16,12.666068824074365,0.6324706958312224,0.16037346510519312,3
Tirana,2023,6,6,9.385324366726952,0.7261314755523938,0.28937810087192783,3
Tirana,2024,2,23,4.211493831477947,0.3498000346052804,0.6146247826794156,1
Tirana,2019,7,2,9.770595552857795,0.7015429043328028,0.5495533732863976,4
Shkoder,2020,4,19,6.297398434667013,0.35932740504924077,0.784363945441166,3
Shkoder,2017,2,12,17.856237696561287,0.8911197875474628,0.26923317857431617,3
Tirana,2019,12,18,10.70057441873525,0.5919203092887161,0.653542146706534,3
Elbasan,2022,6,6,20.11076589647689,0.6869474806301958,0.29097550574886544,1
Vlore,2020,11,8,8.345239934268456,0.282881108899052,0.5867526197461204,1
Vlore,2018,9,18,22.9049320060743,0.37545918602909867,0.6050309676852086,0
Durres,2016,11,12,14.982611817222484,0.29781846169504805,0.12183911135448877,3
Elbasan,2023,9,21,6.40463012584861,0.47311950069020614,0.5486331106862661,2
Shkoder,2015,8,7,12.417749948723058,0.39889510494377894,0.011938299954182496,3
Tirana,2015,3,21,8.341971005464995,0.7130455817413985,0.5012107513746915,1
Durres,2018,3,17,8.193393949531764,0.27609628573970585,0.697521888608075,0
Vlore,2021,2,22,14.633764490696388,0.7264415579152577,0.07283272898998872,2
Shkoder,2015,5,1,18.109732328363826,0.23199337724701125,0.9387108164170271,1
Shkoder,2023,12,17,23.143982315571993,0.3414124861256747,0.4587555319894543,0
Tirana,2018,4,17,14.545402226036721,0.7543754943752221,0.9384162756240619,0
Vlore,2017,7,10,24.282614276224933,0.7199436487755264,0.1073984236911325,1
Elbasan,2015,4,0,23.774331893540744,0.5334282797432044,0.9499025944195347,3
Shkoder,2024,9,13,22.16631312967157,0.23498790055428628,0.10919709942534672,1
Tirana,2018,12,15,14.499522564210789,0.6269256191685095,0.46149579845133604,3
Elbasan,2023,12,10,6.958982817447654,0.48470687278186886,0.9379920667268656,1
Vlore,2024,2,0,8.575993866123083,0.42156970513857883,0.23270820038887152,3
Shkoder,2020,11,6,17.601070056951485,0.6482874457785739,0.03478498085873405,3
Elbasan,2020,6,15,12.856854585968119,0.5056301935412084,0.7931106750282209,0
Elbasan,2015,7,13,7.082834266833925,0.26469477031722505,0.5958836376690099,4
Elbasan,2024,4,14,14.058872606425519,0.841165329358641,0.5139211929014407,4
Shkoder,2016,6,13,4.366041455542964,0.7449451696173652,0.034343384353218376,3
Shkoder,2020,7,20,19.411802788891457,0.2394647339033867,0.6532312688068451,3
Durres,2016,4,10,5.545207184283508,0.5675447091334869,0.1716233518845648,0
Vlore,2017,8,15,17.2113860181545,0.2583642940290398,0.9311966802046954,0
Tirana,2018,9,18,20.65321646013759,0.7861029013409395,0.685726951075682,1
Elbasan,2019,1,16,6.785521363533276,0.6291097727363802,0.7070338880338365,0
Durres,2023,7,5,14.891412503986263,0.32071439350114794,0.23258027261128045,1
Tirana,2018,9,10,20.360417801548863,0.21451893996434054,0.8807538380567184,1
Durres,2023,12,16,9.47330254989703,0.22210670850249445,0.537732570783201,2
Shkoder,2024,10,8,7.421248453034001,0.5551558304453807,0.8570841778142305,1
Elbasan,2017,5,17,11.073201330316595,0.7140614350737418,0.270947474832276,3
Tirana,2022,12,16,15.648682708249632,0.28458831593377143,0.7554617130982461,3
Tirana,2015,2,11,16.08087149194975,0.3548988461404703,0.5745669036600475,1
Tirana,2023,10,22,6.748403002611427,0.4290819616186726,0.048419305810581625,3
Tirana,2023,6,21,13.608945801153405,0.3526537474428071,0.40534232377328694,3
Tirana,2024,12,21,9.633926106329245,0.47393559388101103,0.18391046512346487,4
Durres,2016,12,4,21.682508579363965,0.5917305040355534,0.3591735878787561,2
Elbasan,2018,7,10,10.585077773344647,0.6794557237689165,0.38335163426522245,0
Shkoder,2022,2,3,21.612795015211052,0.8746426275450598,0.47492835302838476,1
Shkoder,2021,2,3,12.999856864637636,0.8515905687782361,0.6002904427284631,0
Shkoder,2015,10,2,19.25830108235552,0.5990888823802402,0.5709776524981992,4
Shkoder,2019,12,23,14.711264799427017,0.7139050395194482,0.03899140470499507,3
Durres,2021,10,22,17.061215106750506,0.8656105432377994,0.7506892184887218,2
Vlore,2018,1,16,12.302486728089045,0.2584303611789834,0.9491838844727682,1
Elbasan,2015,4,6,20.132342123957304,0.2039443319030004,0.34868128898496664,0
Tirana,2023,7,3,12.928977055046825,0.2208598346107083,0.17974690133825855,1
Vlore,2019,9,22,13.60669457830226,0.5943445536610747,0.5400015631153853,4
Shkoder,2016,3,12,14.871252032850101,0.7339833977117738,0.7049129282441441,1
Vlore,2022,12,11,21.468306486105654,0.45695246552152424,0.6789048945276632,0
Elbasan,2016,11,0,17.84695750063076,0.581667422309333,0.6121095775008583,2
Tirana,2017,7,20,11.332368117880744,0.5614564229839758,0.14623225212820856,4
Tirana,2024,7,18,18.076712313612397,0.2663396241144137,0.8368248944029983,0
Elbasan,2015,7,20,17.49095803318012,0.42511178495683427,0.4256215624188153,2
Elbasan,2016,2,19,23.55140479347379,0.2136046086276114,0.22146858303187,0
Shkoder,2021,6,17,21.66974515653235,0.2774939821645576,0.08626614106309649,3
Tirana,2024,2,10,17.59638539877621,0.7683007560368444,0.41671911497304903,3
Vlore,2016,6,19,11.171649324364916,0.7805894480738231,0.6179730468473074,4
Durres,2020,10,2,20.37110542608666,0.7613624240315489,0.6653777091515077,2
Durres,2017,3,16,16.07937415431882,0.7087730486665655,0.9627369113972567,3
Elbasan,2018,2,11,24.690669750118932,0.7553189924799313,0.15314808366375743,1
Shkoder,2022,12,9,9.197628699965884,0.6696876388886628,0.985773665197552,0
Durres,2017,6,7,5.672772659548626,0.668883337171402,0.6546758805722279,1
Tirana,2024,2,14,5.467728049646901,0.6671532582442656,0.45422905770720146,3
Elbasan,2020,5,4,17.440638155385287,0.5598299527747429,0.8881942258481593,4
Vlore,2015,2,3,23.724464807142,0.4543430634253911,0.6944797419533928,2
Elbasan,2021,3,20,4.040570200121609,0.7111366863130884,0.34871721485701523,1
Vlore,2022,3,19,19.241191986113325,0.4090522095107191,0.8840856965764616,3
Elbasan,2022,6,18,17.798368833191855,0.5800314920343335,0.6666154568195348,0
Elbasan,2017,6,20,19.378388036608783,0.5033489341525169,0.6988373557942195,3
Elbasan,2024,10,3,11.463513542009046,0.3936355939655908,0.8963898880860262,4
Vlore,2015,3,14,21.230425337814957,0.8822829443167242,0.44841620796905524,3
Vlore,2023,3,16,4.938845559796101,0.3811261516412736,0.6569041059597566,1
Elbasan,2020,12,11,19.864053113062578,0.416505144606121,0.7446890216377804,3
Durres,2023,1,2,9.608510768330842,0.31311125123064776,0.45394005813078153,3
Shkoder,2021,7,9,14.013593272019502,0.7760864377200034,0.08345211573779343,0
Shkoder,2015,8,14,21.27536170270163,0.6106125803881426,0.7714397690943607,1
Shkoder,2015,2,9,9.698539739013878,0.6291274795306699,0.04781635274336182,1
Vlore,2020,4,23,7.889357744521764,0.7743929882593685,0.7179144017227382,4
Vlore,2019,10,22,18.30757689230557,0.4400437610409156,0.9108752085245531,4
Durres,2023,7,17,15.201292721642895,0.3355433977661496,0.3469689983700185,3
Shkoder,2016,8,0,14.802481243669874,0.33888375479573274,0.10206178513782682,1
Shkoder,2022,1,2,9.392159826296176,0.7128338750235814,0.2328639897908411,0
Elbasan,2019,4,20,4.732486422220581,0.6298806081237132,0.5622815641253924,1
Vlore,2016,6,11,12.615651904966054,0.3444372150074622,0.9426597431060864,3
Shkoder,2024,3,0,6.237749089823128,0.3015457762482965,0.5122827298861168,1
Durres,2020,5,2,23.025772163633246,0.28448111361338096,0.11273728819669626,3
Durres,2024,10,2,4.866256792906341,0.6394590533921264,0.627783173716338,0
Shkoder,2022,9,4,13.06466793787201,0.20008305143759503,0.7328449367879414,3
Vlore,2018,11,18,5.097157257717385,0.21282353982248062,0.39328366999279096,3
Durres,2016,3,0,6.006421365860093,0.47268719493826666,0.7215140643454145,0
Elbasan,2019,5,3,17.836200005362464,0.6839449049933137,0.32482281513918976,1
Durres,2016,8,3,17.589336480455984,0.6865275635481827,0.7890901515964134,1
Tirana,2016,6,16,4.694096092468236,0.5010827915253835,0.341072159570069,3
Tirana,2020,4,13,4.023760977538274,0.6837515246231987,0.25610709160062595,3
Vlore,2024,8,17,5.655179622098464,0.5647673257060878,0.879181405891575,0
Shkoder,2023,11,0,20.022976851950787,0.8838519917581207,0.5484734211753962,1
Vlore,2018,3,21,16.27610592778165,0.31372214968578316,0.28515628874168475,3
Vlore,2020,3,15,4.800483148958324,0.620467087393924,0.9350868896470673,0
Vlore,2021,4,2,14.250037333329374,0.5438671431657025,0.6908511754660492,3
Vlore,2020,9,22,18.952616498143477,0.3361264412603861,0.2207003996555672,0
Elbasan,2022,5,20,22.247979286616932,0.7249933024991924,0.6146423545927806,3
Elbasan,2018,8,8,23.61476630383922,0.39285561395239665,0.8703588312890246,3
Durres,2015,6,22,10.8762518220354,0.4671968733654791,0.6961531425400574,3
Tirana,2021,3,3,6.85248099667858,0.46238139871127104,0.24475915076013044,3
Vlore,2017,8,20,8.975444335360397,0.3709431312315642,0.6488483286945148,3
Durres,2020,12,4,20.2996013328447,0.5014937321888836,0.6191593727202008,2
Tirana,2016,9,10,24.401168515888525,0.5313421166493328,0.8208436635786887,3
Shkoder,2023,8,20,13.794265964567991,0.7209551709665152,0.1781325969966998,3
Elbasan,2015,4,8,10.412417484503585,0.735548002063926,0.6996346670013599,3
Tirana,2020,11,2,13.013002221160724,0.31098917780416346,0.027370692133702024,1
Shkoder,2020,6,5,10.401076037547782,0.6149406095292724,0.6961753006357676,2
Tirana,2019,1,23,9.38623798735024,0.8273384587955768,0.960437303938557,1
Elbasan,2019,4,10,16.46876580055077,0.27615062621919256,0.17438826624961745,0
Elbasan,2015,8,8,4.330455587844432,0.531039831173897,0.3112997728190089,3
Durres,2024,1,14,9.450597221964752,0.7252471856858398,0.5828715720285512,3
Vlore,2019,3,22,17.88902363474477,0.6280439340676403,0.7323950458572557,0
Tirana,2016,1,2,4.673316622442906,0.2704099596176367,0.34437139040453435,2
Tirana,2021,9,0,5.747238146687635,0.47762428774568066,0.6642589771401376,1
Shkoder,2017,2,19,10.161319040501482,0.5550676487518047,0.899278792536333,1
Elbasan,2018,9,21,22.433900770788682,0.897091921201391,0.7265587872242619,0
Tirana,2017,4,18,20.06260936347122,0.32502553652655697,0.7110227176022441,0
Elbasan,2017,2,13,4.465289217741114,0.8876966370120787,0.3819706584166159,3
Tirana,2018,4,16,14.53596915045833,0.4633048489606107,0.9114293088382008,3
Durres,2019,12,21,9.768437373735752,0.3402243402516749,0.27732294196107776,4
Vlore,2015,11,13,17.621558840303322,0.4898763574867972,0.20528035661970068,3
Tirana,2018,11,16,19.152631534462685,0.629796586824372,0.36422393372650386,4
Elbasan,2022,10,13,22.120114119714934,0.3494481757376971,0.650156220738494,0
Durres,2024,6,11,13.983740979184299,0.40400735831148943,0.8616779861945068,0
Tirana,2021,11,15,24.883451859457274,0.7981825512147027,0.13207878234731707,3
Shkoder,2023,7,0,24.579708253029295,0.8993066231682074,0.813802177260163,2
Vlore,2019,3,12,22.525501213891697,0.4227208840488985,0.8128233946689951,0
Tirana,2024,3,5,16.07225939831949,0.3041997627649582,0.5869193565900861,0
Durres,2018,12,16,12.358135187580116,0.7552195739958292,0.7606479395780257,3
Shkoder,2022,10,11,11.652112512935485,0.6203189810926016,0.18188069815158736,3
Durres,2023,12,22,4.254619751842641,0.2702808003629208,0.1695860008207134,0
Durres,2021,8,18,9.232664442089696,0.8627400370052147,0.8628000341287271,0
Shkoder,2021,5,5,19.094972933932453,0.2546346698799244,0.4981484372345669,1
Durres,2019,4,6,16.676274097754398,0.6377494811435488,0.2459372142528491,1
Shkoder,2018,7,0,23.244865972518205,0.496756079125507,0.6887303576063237,0
Tirana,2024,7,0,5.050467605247715,0.5896367427679551,0.891875166934221,2
Shkoder,2015,9,4,7.260808666723943,0.3492499369621011,0.6323226459442498,3
Shkoder,2024,9,5,20.574119576394732,0.6816772794754562,0.3473450429400172,1
Vlore,2024,5,15,11.528660255102011,0.8718037823933378,0.48323776529301454,3
Shkoder,2021,12,15,6.485252008075436,0.5208981118314409,0.7522694609453395,3
Shkoder,2015,8,13,24.925460607101872,0.566070794297759,0.06750122887238752,3
Tirana,2015,10,0,20.53225635605662,0.3678681693982169,0.21716451595644226,1
Vlore,2019,1,12,12.583561771920573,0.8243075886257567,0.4625831866494472,3
Elbasan,2023,9,19,21.290297015868948,0.8798220835979707,0.6042409640970987,3
Tirana,2020,8,9,18.29268127250222,0.7504078195602379,0.33916559104232447,0
Tirana,2017,6,23,20.5894699509665,0.5799414515118628,0.2983909218698807,3
Elbasan,2017,3,9,21.119333928878646,0.8697577771560414,0.04138419569972129,1
Shkoder,2021,3,8,5.779302349096676,0.30769503875709375,0.03260177205144754,2
Durres,2020,8,12,17.08243064145001,0.5349436019266529,0.2786948543028256,4
Vlore,2023,5,2,4.142496612513379,0.576323994708489,0.530506100089543,3
Durres,2020,10,17,4.912581172324583,0.5443414938266637,0.5563714964454115,3
Elbasan,2019,11,19,22.98358019017266,0.7616928010250923,0.49402749286686887,1
Tirana,2024,7,1,15.078838148492915,0.6692820237114548,0.4098806840028343,2
Tirana,2021,5,16,19.45394170323902,0.28866092614278316,0.2522915892613208,3
Vlore,2015,8,18,21.608520799306064,0.44251591514014227,0.4006944315927822,2
Tirana,2021,10,22,23.941322118856284,0.4373537938708204,0.1387599653855135,1
Tirana,2017,10,12,22.256409806378713,0.59594253495505,0.1152592290260368,3
Vlore,2023,4,12,14.149540422643172,0.40402089236052785,0.2999432568137914,1
Vlore,2020,2,0,11.055376454990741,0.2820902386877374,0.9953487964272196,3
Elbasan,2023,3,1,7.244357960326802,0.6575778659599947,0.32649694751639846,4
Tirana,2019,8,0,12.406751132232879,0.7957258569745158,0.9364563903551052,0
Tirana,2021,11,23,11.696365162384431,0.8521256668261468,0.392262145767694,3
Elbasan,2018,7,4,15.751071681073341,0.880804892361633,0.4390099911996094,0
Shkoder,2021,2,23,17.975697583901482,0.7467817923463098,0.7970628832022295,4
Shkoder,2015,6,2,24.544835005345995,0.2977916998043315,0.0936383274474567,1
Shkoder,2021,9,6,19.296109908115383,0.7971782769657072,0.1823133235936395,0
Elbasan,2022,4,23,17.51871918130139,0.47997205136773174,0.9738402649752147,2
Tirana,2019,9,21,11.036941119635195,0.7109379196546546,0.5059173399606947,2
Elbasan,2016,2,12,4.7245814064648455,0.571887603472585,0.0443096822086303,3
Elbasan,2019,2,22,10.050627705948527,0.7800242935541486,0.047380733056050506,3
Shkoder,2020,9,17,20.137405909651974,0.49785401298778204,0.9072406837773928,2
Durres,2016,12,23,8.310710756879836,0.24325566751801456,0.8733650895587176,0
Tirana,2020,7,20,18.955952067156403,0.5897765976177296,0.4583991069451001,3
Shkoder,2020,7,6,16.17537669395773,0.31990338826737125,0.16322208594459875,1
Durres,2015,1,0,7.608994264759763,0.8758623426470458,0.8302846063624797,0
Durres,2015,11,4,9.494120932128428,0.5688741460778441,0.3246001072796505,0
Vlore,2024,6,16,14.422375673216006,0.5874911556860823,0.41905839866309536,3
Tirana,2017,7,7,12.785868807264796,0.8350859989703723,0.682476379049318,2
Durres,2024,11,14,20.34984079848195,0.6372096716058224,0.35339835340765446,2
Shkoder,2024,6,19,19.422497493408187,0.411910564032795,0.628669926698293,2
Vlore,2017,6,3,16.066064572933357,0.4072662318393598,0.8852827104425843,3
Tirana,2018,2,1,21.26776894093143,0.5511050549345193,0.7973732687744775,2
Elbasan,2016,6,4,15.816060354370482,0.8066257602504112,0.3816110738671604,4
Shkoder,2023,4,0,24.252174389802462,0.756310538515395,0.2879365547037348,0
Durres,2024,9,4,8.56170608217271,0.8739184102397912,0.285510448739559,3
Durres,2021,12,5,18.996771865645208,0.25032028599654255,0.34859115037658306,1
Shkoder,2021,1,1,11.768826773143827,0.38782824827503704,0.4935169867247723,3
Durres,2020,8,0,9.858290082824071,0.2561453954696082,0.4165974806939431,3
Vlore,2017,5,3,7.78813699532197,0.7257554357317053,0.13300402098765784,3
Tirana,2020,1,6,15.60257300149242,0.29858358240526855,0.1634558583339083,3
Vlore,2022,4,21,8.524858087733437,0.2699204225983247,0.3429296093981834,0
Durres,2022,1,0,8.207367880416523,0.5931705449696902,0.5620641000588573,3
Elbasan,2023,6,0,24.801170006760177,0.48803929848341093,0.5926639501334947,1
Tirana,2015,2,7,20.836695753760978,0.700570937133727,0.48620706489663,0
Tirana,2015,5,19,19.71381322534188,0.5409107741901911,0.7387758812075146,2
Shkoder,2017,7,15,20.675273143537854,0.4977342171583169,0.7372487887567366,0
Shkoder,2017,2,20,24.347380348093594,0.4978503141228796,0.42762747168738857,2
Elbasan,2024,6,12,16.03881046381727,0.8103134662791982,0.12444081076094426,0
Tirana,2022,6,22,8.625121425460073,0.4766579555057265,0.5301747697671232,1
Elbasan,2024,5,23,22.10640245581802,0.4333779894387434,0.3814690639938326,1
Shkoder,2015,5,22,19.597345318535893,0.43697455391591056,0.13792298976370332,2
Shkoder,2016,3,17,12.700474559017636,0.3376205577704232,0.9818172099648392,0
Tirana,2016,10,19,13.944959470067573,0.8024821954017927,0.3697553892801022,1
Vlore,2017,10,9,12.63630036805625,0.3026415705193071,0.6257978396212309,0
Durres,2020,11,11,23.528785364809085,0.8360275164597237,0.4901288613365966,3
Shkoder,2015,12,0,11.214163841464178,0.3984274053377044,0.1428282792167661,3
Shkoder,2016,2,9,24.23316985177962,0.8295987755216927,0.05554362337257057,4
Vlore,2015,7,8,23.11570719633295,0.7535744597702039,0.6257694150819589,3
Vlore,2019,1,2,17.24094398721164,0.6073912646652511,0.24702187034788559,1
Elbasan,2021,6,18,16.176257235101566,0.6686290027430193,0.24365399961371503,3
Elbasan,2022,6,8,11.771874881469389,0.4280908635774494,0.9569761897103106,0
Durres,2024,3,9,4.385106169223647,0.6019600300293637,0.4617733043112914,2
Durres,2015,2,18,6.680086910992818,0.40468203050868795,0.02942606650068924,3
Tirana,2021,12,15,19.838857790340523,0.48159096972332316,0.3398427151498068,1
Elbasan,2019,2,23,13.90234265835147,0.7352637886604714,0.5844915422522267,2
Shkoder,2024,9,17,7.146600817947331,0.3707527946671514,0.3285674185171208,0
Elbasan,2015,11,13,9.54317793676929,0.7871922110862763,0.02685195403414231,2
Shkoder,2017,5,2,23.904574896786993,0.46311799756549754,0.4443112654667354,3
Vlore,2021,7,1,11.709789541515566,0.5725189725993267,0.10590633617477785,0
Elbasan,2024,12,0,23.06132084960222,0.8593723412940113,0.6191600246627044,3
Vlore,2015,5,17,10.39735247816511,0.6768789411308124,0.619587100222688,0
Durres,2021,7,23,15.40762198171038,0.6519228789912391,0.037759139598400715,4
Durres,2019,4,8,4.4300187506061555,0.6981254093235203,0.29066626159937725,2
Tirana,2015,8,12,14.959377317845115,0.8426779371323929,0.41368626373900386,1
Elbasan,2015,11,1,17.375782222823236,0.3739595964550576,0.550264097859178,2
Vlore,2015,10,6,8.920407086080736,0.6292688440595369,0.2960634297081951,3
Shkoder,2023,11,15,16.157680700312497,0.4802756980685566,0.28774651255139816,2
Durres,2017,10,20,17.590523213070696,0.20829870524717076,0.9830151562502594,1
Durres,2019,7,18,18.424607646016888,0.28771062748427645,0.041862795720899904,3
Shkoder,2024,10,14,20.304469762464166,0.42749432668451187,0.9890454140911519,1
Vlore,2023,5,21,10.538124101517747,0.595499979827341,0.04775194107839653,2
Vlore,2020,11,10,15.923316085069443,0.8170323436873901,0.28834142779468586,3
Elbasan,2023,6,0,24.613159625056483,0.7537798827410076,0.49369085496935006,0
Elbasan,2022,5,20,22.8610275839683,0.5873335706959393,0.1432983430143252,0
Tirana,2022,7,6,24.005973990065698,0.25170929253522734,0.13484636251872384,3
Durres,2015,12,19,12.108864369099999,0.40013440327648503,0.25631271326094585,1
Elbasan,2023,2,7,20.525490223829898,0.4566960535245707,0.9735071835735695,1
Vlore,2020,5,9,17.017856986967303,0.6352020296426898,0.38011685887456415,1
Shkoder,2023,10,4,5.737436744307063,0.2454465360858888,0.5659948382691918,1
Vlore,2017,3,8,21.303588172298372,0.5711354881503313,0.7042914023816463,4
Durres,2017,9,0,18.219126803504658,0.831025203301295,0.7422218355242104,4
Vlore,2020,6,1,8.177264549820602,0.693802886988182,0.6880409663453548,3
Tirana,2023,10,18,5.674509706018688,0.7579537645939294,0.33692819319172485,0
Durres,2021,3,13,21.577464743614943,0.6771729538513513,0.11172782735606246,3
Shkoder,2017,7,19,5.656938419315223,0.34461237852081456,0.28171647533321087,0
Tirana,2017,4,9,5.918431172695169,0.27733867404621304,0.21029522676950663,4
Durres,2016,3,8,12.975574045990621,0.7806434711034362,0.13627730486931677,3
Shkoder,2023,8,9,6.830754396809018,0.6868531052108698,0.024496731751618706,2
Tirana,2017,4,5,23.187061546297105,0.6025430911714578,0.9357258490584142,2
Tirana,2019,11,16,13.875962661527971,0.3324980054777722,0.9210343865453382,3
Durres,2023,1,5,15.952170593746,0.6223414757182274,0.050417005630169265,3
Elbasan,2022,6,3,23.490227879039836,0.22192524965551186,0.1730845728204018,0
Tirana,2016,10,19,15.13552773840532,0.2831873940757716,0.13950047146279365,3
Tirana,2017,11,2,11.42541406510369,0.4183231048630972,0.28122293442151736,2
Shkoder,2016,11,22,20.740257222132467,0.510616794187815,0.20406887047874112,0
Vlore,2022,1,18,13.299854146979424,0.28439514707540026,0.945853537397855,0
Durres,2020,5,17,10.687857937648413,0.28395812870027504,0.08417043656020384,3
Durres,2020,7,23,19.187818630716226,0.7081255624085447,0.21167082700450324,0
Elbasan,2023,6,3,20.833719208873905,0.5988035845734399,0.08072330458291443,3
Elbasan,2022,2,7,20.6260395192697,0.5736193865443655,0.9803853486444364,1
Durres,2018,11,16,24.53116269670286,0.516704146582285,0.918413509097005,0
Elbasan,2018,4,4,20.520005926374218,0.8835801744411946,0.716631589765411,1
Shkoder,2023,11,12,20.16860215492241,0.23486019802606375,0.42597303221991334,1
Durres,2015,2,0,22.007190328460624,0.3264390233131042,0.19017813552399254,1
Elbasan,2016,11,12,4.003889101204299,0.6532554301808662,0.22148972502014241,0
Durres,2016,1,3,11.611059634943185,0.29545595769586896,0.44304000855601144,3
Vlore,2020,3,21,19.489665016722864,0.6125666566064216,0.7682226713364816,0
Tirana,2018,3,23,16.594099233315823,0.597432857836756,0.2647294959989589,3
Durres,2024,12,13,7.72901205526397,0.8797036285477493,0.31079191253464666,4
Tirana,2017,7,2,10.378394870859452,0.8183705409343156,0.5999442914044706,0
Elbasan,2017,1,4,11.072644832724244,0.8618873406372167,0.2377293622782536,4
Tirana,2017,9,6,15.924390334618636,0.27952165863178574,0.5842186212928036,1
Durres,2020,11,0,21.463564225262605,0.8077039060779321,0.38713089327228456,3
Vlore,2022,6,22,23.582327375331275,0.2903634632098142,0.03436820590134804,2
Elbasan,2021,4,11,19.75194066992642,0.6430525249807922,0.4027012862319639,3
Durres,2018,3,10,21.701958193713008,0.7040547124746015,0.9195252795191449,3
Elbasan,2018,3,23,13.872015127481838,0.3125974487045001,0.2931118791334606,3
Shkoder,2024,2,7,12.185281712068035,0.6428615631506778,0.32283238943646897,4
Tirana,2016,2,5,12.246879175028557,0.23672234503839584,0.06594088805928688,0
Shkoder,2015,12,21,16.936809095139097,0.40528626001998114,0.6150474485692943,2
Durres,2023,10,1,6.60897081667199,0.8448109457538817,0.8492423642983389,3
Vlore,2016,5,18,16.169377838595487,0.32021181403130844,0.35292289309310165,0
Elbasan,2022,9,19,17.96779006385824,0.24568899471522926,0.24024555751998844,0
Tirana,2023,2,19,13.217083544331015,0.5105747397588216,0.9566118541638586,0
Elbasan,2018,2,23,24.016510712194513,0.79543274596909,0.7450726145914884,3
Durres,2022,12,13,16.77247871997108,0.25367066737780297,0.5671635592832646,0
Elbasan,2023,6,0,8.61998891696913,0.448874755661286,0.3055311663448841,2
Tirana,2024,10,9,14.063541406103841,0.8298423841915283,0.22079801797640086,3
Durres,2024,2,15,18.18349317984117,0.282708884961118,0.7157440390004672,4
Elbasan,2019,12,3,10.796211616190059,0.41746795413836263,0.5217888171373442,3
Vlore,2021,4,10,5.672473732069486,0.7448944280749927,0.5205998168029811,0
Durres,2024,6,15,16.252148328928584,0.580247690997163,0.0737098186722438,3
Durres,2018,5,19,23.90527354101328,0.7826331984435082,0.5121944767596059,3
Vlore,2015,1,0,14.18651169682665,0.2781167751341589,0.8227440310394937,4
Shkoder,2017,6,15,23.028290693587795,0.844387919965806,0.946799277795759,1
Tirana,2019,1,18,21.535495355805573,0.8544382561606461,0.10668239748173514,2
Shkoder,2017,3,20,7.095668456313651,0.3087191141026944,0.6311652106990708,1
Elbasan,2021,10,21,18.871568358546988,0.22371282508472504,0.5683472507982469,1
Vlore,2023,5,8,13.144776026511547,0.8928889673688982,0.8903124909481418,2
Shkoder,2020,10,8,9.255172830521674,0.5375761146116971,0.7512440301848715,1
Durres,2024,5,8,18.425705469000764,0.6004527828248019,0.9652618691653132,0
Elbasan,2015,10,16,19.595875091784848,0.6311333135666034,0.9600325375819962,2
Elbasan,2021,6,11,7.777822693431615,0.7527679239463518,0.2256850933452208,1
Shkoder,2017,12,12,23.203338323180375,0.7683915783321424,0.7253508719004221,3
Shkoder,2019,10,7,19.77409212298026,0.3357476570238417,0.5305230913648944,1
Vlore,2024,8,15,23.600885481981344,0.3656457184434686,0.21460199521530543,3
Tirana,2018,5,17,10.658537594037512,0.8137831202624604,0.19486908221740074,1
Shkoder,2024,11,0,23.726035330602723,0.7736623233254105,0.0810843412662865,0
Shkoder,2019,1,0,11.738870814605999,0.6323335670877688,0.795545276418689,0
Durres,2019,5,11,5.1333649899752265,0.8962894113873947,0.32450478062000954,3
Elbasan,2020,3,5,20.022357162889488,0.7146287604859265,0.8569688353289665,1
Tirana,2024,4,8,18.77367102585516,0.35108573769117424,0.6083153660232146,3
Durres,2024,8,22,16.55613083752998,0.7926508450328746,0.6736333548384608,2
Vlore,2020,7,4,14.287768632067653,0.490312845459098,0.29167374961019665,2
Vlore,2022,11,15,4.675470676775259,0.22530686237890243,0.45729427939568357,3
Shkoder,2022,5,17,17.11654228192324,0.4249948944681694,0.41231757808312486,4
Shkoder,2023,2,16,12.753526919678666,0.7344858638415697,0.2356886639246012,3
Vlore,2022,6,17,15.764397457559845,0.8721443450305313,0.8325121685267926,2
Shkoder,2016,11,0,13.015748181320362,0.3932954914122357,0.6220845058066211,0
Tirana,2024,6,18,24.287178788069177,0.3725614270868005,0.03743197745307014,3
Shkoder,2015,10,21,16.68628692416779,0.59453160991881,0.8199170193786884,3
Elbasan,2024,10,7,19.73396294265181,0.7681787297637128,0.10603775602859145,1
Shkoder,2016,11,2,23.66328589689275,0.7225679775126626,0.40369643353255924,4
Durres,2016,6,4,16.423585781251532,0.5919712317939716,0.5712569016303779,3
Tirana,2017,9,22,4.253312874270415,0.6419727771301349,0.007651245661217998,3
Durres,2024,11,7,4.720125244521389,0.3694692701284408,0.6529081054429361,4
Durres,2021,8,18,18.7491071161391,0.5028019855023453,0.659702939560257,3
Elbasan,2016,8,17,9.860787859176954,0.37875593856420997,0.6525263171326467,0
Tirana,2015,1,17,16.166974274306924,0.8190925823912463,0.16346793810627713,0
Tirana,2020,5,20,8.247820802904048,0.27878815515586103,0.2557323267735494,3
Tirana,2023,7,0,9.675226376295996,0.6758183904994595,0.24737581953274024,2
Tirana,2017,6,14,14.59746217490958,0.38219823801551644,0.960066983179637,4
Tirana,2020,5,17,24.486958730477724,0.5329041868029265,0.06752818722587728,0
Elbasan,2017,8,6,16.941680273393025,0.40958894617264296,0.42876150770350396,1
Shkoder,2015,3,15,23.659110194773486,0.4262717219416302,0.8712539058201941,2
Durres,2019,6,15,24.146976942125896,0.3822751095277154,0.769465994447716,0
Tirana,2024,5,14,8.370309924830657,0.726955044836807,0.8224421246489267,3
Shkoder,2018,8,5,10.535065651847834,0.45600110002533295,0.972293584122333,1
Shkoder,2021,4,8,20.169837905592786,0.7084499123998578,0.3872618122731889,0
Durres,2020,8,6,22.20204404811822,0.5192489510728089,0.30965527438046114,3
Elbasan,2024,10,13,14.903761627980083,0.5830722294702011,0.03065949015019731,4
Vlore,2021,2,10,24.857747412891534,0.5803012329994411,0.15001936178986208,1
Vlore,2019,9,20,4.243016173860676,0.8830964555405121,0.5620146545430241,4
Shkoder,2018,9,15,10.291445767289527,0.45694371899766584,0.15766059505334007,3
Durres,2021,10,5,17.086396828636175,0.3453788667783183,0.7363050159809107,1
Vlore,2021,10,21,13.85508812968714,0.8382543582566215,0.037232604915937495,2
Shkoder,2020,6,15,6.448662295004816,0.32238750252090126,0.2594880232378819,4
Elbasan,2022,4,19,11.723528795091836,0.7840959920910413,0.6954531233884886,4
Vlore,2018,4,15,4.53439000919582,0.30515042682684806,0.2555028242390638,4
Shkoder,2024,6,11,17.49766696758087,0.6611070339591844,0.728760464224464,4
Shkoder,2019,5,16,22.74759340292346,0.30537856928517526,0.9958638754307019,3
Tirana,2018,6,4,22.582356599452638,0.8461600734676007,0.7970839554491036,1
Elbasan,2015,7,12,18.69043394907648,0.5955057978569818,0.3418354587610025,3
Tirana,2022,7,7,13.781174105456477,0.4304916873980613,0.9005919006282612,1
Durres,2015,9,23,14.752663992521285,0.29822594247451645,0.051179735668209436,4
Tirana,2019,8,4,6.875295303908921,0.45983456530219574,0.7250068244473121,3
Tirana,2020,6,11,11.161358955503264,0.6935140244081681,0.023322331562675047,2
Vlore,2020,12,8,7.9422895854637465,0.469465618749983,0.17455549535696502,1
Shkoder,2019,6,2,21.245204270349046,0.37226589526681086,0.9875857415385745,3
Elbasan,2017,5,2,23.209831928097156,0.6041866138056721,0.360884912494307,3
Tirana,2019,1,0,15.275388489822458,0.4924752969859837,0.8204993781642388,3
Elbasan,2022,9,21,19.283044850771823,0.3160643652212046,0.376086712835602,3
Tirana,2016,9,17,6.550760189049678,0.3077915931942198,0.8400284507978156,2
Durres,2020,9,23,16.779227508822004,0.6952233931552982,0.9654395601267742,0
Tirana,2023,11,11,18.758611448934765,0.8822703268613794,0.4355362434191665,3
Vlore,2022,8,8,13.508130719739416,0.36316584960343945,0.5593491918482794,4
Shkoder,2022,10,8,9.10873477388467,0.7412040205820429,0.6286394899635678,2
Durres,2022,3,17,22.42486493136922,0.26132469171532563,0.9348348021752354,0
Tirana,2021,1,17,19.60108311902817,0.4671031433365272,0.2567440874345579,3
Elbasan,2022,11,6,22.897002918833095,0.5546817069657799,0.6112493728337267,2
Durres,2020,12,3,21.18645559745429,0.38812286170283783,0.3247202282231425,0
Durres,2016,12,12,24.797863021156115,0.5707048915599753,0.21693318018241947,1
Tirana,2016,8,16,8.035627397503427,0.8178300993646981,0.08492033902321416,2
Durres,2022,7,23,5.821703123883456,0.8611065736484953,0.6207108637359489,3
Elbasan,2015,5,1,11.077058618082429,0.27038986806113463,0.8820854788715684,4
Durres,2020,10,13,6.709087675488437,0.3902921537889416,0.3513928888445126,0
Elbasan,2020,7,2,14.98573237103071,0.8853937422624074,0.5526685361929773,0
Tirana,2018,10,4,17.293607013562593,0.3892928872815706,0.6421337952941157,4
Shkoder,2024,4,13,16.14406091864148,0.6848951458004087,0.41465017779520397,0
Durres,2017,9,2,9.444042843195673,0.37741758570925527,0.9033478503660581,1
Shkoder,2017,11,22,23.08530465034473,0.44945591532472673,0.36275516120117657,2
Elbasan,2015,10,6,4.444619638442948,0.3338952915278282,0.12501082008984366,3
Durres,2017,2,17,11.308280429033353,0.7994101355880017,0.14402035805169955,4
Vlore,2018,9,12,19.09884198335928,0.8178541346736528,0.8908576145077127,0
Shkoder,2019,9,22,20.105507453332347,0.40783875554080207,0.9880080428479597,0
Durres,2017,5,21,12.738489433069057,0.7765128769194409,0.28893785057171695,4
Shkoder,2020,11,9,4.355106078383709,0.4507691550258888,0.14360272565471144,0
Durres,2019,1,12,16.978917261598482,0.2693135960266108,0.48221228175620945,1
Tirana,2017,7,15,5.32498830484753,0.7306534781044514,0.7095280635765979,1
Shkoder,2020,10,8,6.264971299223804,0.6175123742291913,0.612402908102972,3
Vlore,2020,10,1,17.65526511256999,0.3920677105695253,0.9511081820826126,3
Vlore,2022,4,22,10.562254848999952,0.3770998183582929,0.8177778839716281,3
Elbasan,2016,9,4,11.30863320687331,0.8829363593376249,0.8689721650640021,1
Durres,2015,6,21,14.222948616648113,0.803750728625164,0.5416671588490702,3
Shkoder,2018,3,16,24.550146292046854,0.7668588305616353,0.32727519333145005,0
Elbasan,2021,6,22,24.27428663551292,0.28961239604916594,0.7017360104605791,3
Shkoder,2024,10,21,12.741480986561577,0.7286310919737824,0.4390530399513951,0
Durres,2017,6,3,9.575483561583926,0.3501781548423006,0.28775424056232457,2
Vlore,2017,5,16,10.35443520594643,0.8841722602457684,0.1522706856722975,4
Tirana,2019,2,8,9.644407261393686,0.2364624315735804,0.5278742078895624,0
Vlore,2019,10,19,15.177161949977394,0.44649693849217054,0.5942535671999187,0
Elbasan,2024,10,1,16.7440559638195,0.5000534885451007,0.568785682654175,1
Tirana,2017,2,23,14.264367152822986,0.7769420380935781,0.11654836343355401,0
Elbasan,2023,7,17,12.567881607211199,0.7363559726028324,0.5699873195387432,4
Durres,2018,2,20,8.436985788968693,0.46249450146261273,0.16841410680514102,0
Tirana,2017,12,21,14.132617419024381,0.5958922054206286,0.663714165451469,0
Elbasan,2016,6,10,11.163156989851618,0.7849166145254112,0.4293839966655334,4
Durres,2024,5,12,15.3735047187652,0.21273971450573692,0.8487885877391554,0
Vlore,2023,4,7,18.178977725744105,0.7615246696671305,0.7782657447937787,3
Durres,2018,7,0,17.299555663168825,0.8628272177394294,0.7243820515166337,3
Shkoder,2017,8,16,13.71229441851746,0.2224451650389198,0.7007370993343023,4
Durres,2021,4,11,15.67710090987918,0.23190669095472782,0.560488039478102,1
Durres,2022,1,3,9.981978750175953,0.441159803896214,0.06111357612834434,0
Shkoder,2016,1,20,4.509045439470183,0.2614386946373722,0.655489623533001,1
Elbasan,2021,1,12,17.125408537530184,0.5354932562057217,0.46692217756371523,0
Elbasan,2019,11,8,9.303939741891426,0.710097479562845,0.469554713993533,0
Durres,2019,1,6,18.048027911433763,0.5968294645222724,0.3790221954662697,1
Shkoder,2017,5,22,19.687178491536145,0.3375023363509182,0.9290709148417106,1
Shkoder,2019,4,23,23.234482668179403,0.6583679100212504,0.24945126695243236,0
Vlore,2016,9,4,24.12057870507187,0.6793981354252411,0.31659445340977965,3
Elbasan,2018,3,4,4.22104697250373,0.8527121689795103,0.9630407827356227,3
Tirana,2020,7,16,24.797858396447385,0.3027578281639343,0.810153735276698,1
Elbasan,2015,11,8,18.34338468837738,0.6846353154368063,0.014086412162869988,1
Elbasan,2024,8,5,17.514007367857975,0.8379990531972032,0.9061075998618738,2
Vlore,2018,6,18,4.3194749991024635,0.551094907324444,0.22664729883307033,1
Tirana,2020,12,15,22.085901649621487,0.45325977590413946,0.7059325391660635,1
Vlore,2023,10,20,7.0553203922043535,0.3195246459548108,0.5530731073672155,1
Tirana,2016,1,1,21.58393323259386,0.8067508205428304,0.536811883602784,3
Durres,2021,8,9,4.326813471433036,0.4759724623884161,0.7179213233927192,0
Tirana,2020,10,15,17.56524951248239,0.8474177102873846,0.2071814718944397,0
Vlore,2016,3,4,13.130832209166384,0.7934308086915434,0.15902513076642655,3
Elbasan,2022,8,14,8.216101310246039,0.463647896258037,0.6519126067329519,1
Tirana,2021,12,12,6.258789227179117,0.6017400162623837,0.29057922890466226,4
Tirana,2019,4,12,13.242681627472855,0.21902182540574502,0.9739502076577609,0
Shkoder,2019,8,12,6.58942191174992,0.38425498200699426,0.4515118390746734,4
Elbasan,2021,11,14,14.215378845511998,0.6971909939984747,0.11159702000696525,0
Durres,2023,1,13,17.129558231709897,0.6745376620923866,0.6858151661720446,0
Vlore,2023,3,7,21.375068065754522,0.4473586216792257,0.30615929246613127,2
Durres,2023,6,10,18.2516381808402,0.7660256223366195,0.1485874276214022,3
Elbasan,2020,9,17,5.36919510082916,0.36508523632990975,0.42282336288992095,0
Tirana,2024,2,23,10.456083183504582,0.5228893732065901,0.9642222780872781,2
Tirana,2020,11,3,10.047550766582509,0.5307714447176306,0.41143057638713,4
Elbasan,2017,1,9,23.21568089289277,0.43857173820901196,0.34733376573106345,2
Tirana,2015,10,0,22.223422932248035,0.868266270787617,0.4445089620693041,0
Tirana,2021,3,4,11.773106285358756,0.6876788234605709,0.012115705599648363,3
Tirana,2018,4,12,5.494260373534203,0.577439534729111,0.13310153859861407,4
Vlore,2015,11,0,22.7762536738994,0.5573605653720539,0.8496746181346078,0
Vlore,2022,5,22,22.65198901224793,0.3115072647297676,0.9780344120945137,4
Shkoder,2020,3,7,21.949668772645225,0.4605308279476688,0.15794148560368138,0
Durres,2020,10,2,21.746714392445533,0.6709413203103751,0.5355178183869084,2
Elbasan,2016,11,2,14.08533402280925,0.8471991537807135,0.9663334338056436,1
Elbasan,2015,2,6,7.726064697241563,0.771524841574287,0.15658137617896384,0
Elbasan,2016,2,3,14.027249059710982,0.41027286277197983,0.18630961750245023,2
Shkoder,2018,7,2,14.386553184058762,0.5037696379829533,0.9268163539283983,0
Vlore,2016,9,14,14.288566818142074,0.2580422644989562,0.7056876464523825,2
Shkoder,2015,10,7,15.314224308417439,0.27152062612490657,0.15196668684216075,1
Elbasan,2021,2,2,9.410797482814257,0.5291612708991006,0.39349267111860975,3
Durres,2022,7,6,11.691064803805915,0.5711535847719701,0.05626994421471054,2
Tirana,2020,7,17,13.11791843123286,0.3848189669878398,0.4326715339176942,3
Vlore,2018,11,10,6.753545399846497,0.6499478824301589,0.777901494487037,3
Vlore,2020,7,10,13.56264682579151,0.6923664799060965,0.5539720545861272,2
Shkoder,2017,3,16,21.01986195846145,0.4093812921283704,0.6474421218162031,3
Vlore,2022,12,5,21.389250397390402,0.7308973079952792,0.3268201322002092,2
Elbasan,2024,7,7,12.642839209921636,0.34392344332739333,0.161395917744793,3
Elbasan,2016,1,0,14.894974553771425,0.5809759640929016,0.01311667577348441,0
Shkoder,2019,10,9,4.706656974836189,0.7629967654935212,0.8213123443293454,3
Elbasan,2015,1,18,18.163083685840533,0.5759063599777887,0.6366545593457879,3
Durres,2020,5,2,12.496723541884124,0.8355739029647353,0.22932124128768838,1
Shkoder,2016,2,3,13.355031344750262,0.24095086301224508,0.41843396007729483,2
Durres,2018,9,10,22.347127270775058,0.6118196918440302,0.8014432687281142,4
Tirana,2020,7,14,13.698523125772775,0.5932288167810731,0.5387001860913857,3
Durres,2024,4,0,4.445037170784908,0.6622473299798792,0.3001598764459783,1
Tirana,2022,4,8,8.77730870825031,0.7833847870762154,0.2671845171706855,2
Tirana,2022,2,10,13.988032900473439,0.7080971590368765,0.2176140244488256,3
Durres,2020,5,18,12.91232214771925,0.7531979147609893,0.8237298801341698,1
Shkoder,2018,4,12,22.067772882890093,0.40217170800233504,0.5818603506846625,1
Elbasan,2022,12,15,15.3848876954295,0.4712481649982752,0.7091571657014643,0
Elbasan,2022,1,3,18.482350580217542,0.6387438818323612,0.8601204413974134,2
Tirana,2024,12,0,13.855789237912871,0.5874230303474546,0.9868617025302162,0
Tirana,2015,8,19,13.232770415242463,0.8727727124793756,0.24948358653078195,0
Shkoder,2018,3,12,13.372020037961377,0.33078414995409355,0.18090248745791293,0
Vlore,2018,6,0,12.629352963570616,0.4458948607157992,0.46199834279394847,1
Durres,2021,4,4,15.310251102938272,0.6009286632993983,0.0350712794785325,0
Tirana,2021,9,4,9.259311436825676,0.8075746389553065,0.7917178815635283,0
Elbasan,2022,7,13,22.712159070678236,0.8505439672836941,0.8837599988343822,2
Shkoder,2019,9,22,10.99479650997133,0.435225431579319,0.6860396987480284,1
Durres,2021,10,13,7.098000517724284,0.24697592306844615,0.26799502456360935,1
Shkoder,2022,3,7,6.027560050552648,0.4951337885455296,0.12315547398879056,3
Durres,2023,1,3,4.28188121752268,0.47604090026345497,0.38214418791988836,2
Durres,2017,5,6,12.879977649904092,0.8905409475507826,0.8333356205052533,0
Tirana,2017,3,19,7.939830759453918,0.5017428710035525,0.34782780378611466,0
Shkoder,2018,6,18,4.454605954332206,0.41400609951226064,0.03425457362663997,2
Shkoder,2019,8,14,14.920410472079999,0.4557641621744538,0.2742803762251319,1
Elbasan,2024,11,21,18.27954952166599,0.4778483964366697,0.9899456100757232,1
Elbasan,2015,4,3,5.800772069133192,0.7750782675376311,0.6766687556658832,2
Tirana,2021,5,18,13.679336231312853,0.2567104249818849,0.9008548299771278,2
Tirana,2023,5,8,19.61620225061568,0.42155493421251866,0.7748652675011075,0
Vlore,2022,4,20,24.701943241176927,0.8764229443349698,0.5397055153266307,3
Elbasan,2019,4,12,18.01099723749378,0.30717175335915997,0.1486888723949803,4
Durres,2018,4,13,9.141630566999932,0.7198209250728129,0.34864447835571766,0
Shkoder,2021,4,22,19.047626435358993,0.44947545083880325,0.5837402252742222,2
Tirana,2019,4,13,16.55651796321643,0.6072498683361678,0.870632348731992,1
Shkoder,2021,5,21,8.447785060212503,0.26968362695621745,0.26867504586489965,3
Shkoder,2015,2,9,21.87332734279865,0.4144881671477626,0.12122686934022953,1
Vlore,2015,2,15,12.975492971779618,0.5506054591626217,0.5588323175548174,1
Elbasan,2024,9,4,24.201530749416644,0.3621904607231009,0.17650122251805567,1
Tirana,2017,2,22,19.180921156403336,0.5793089601372066,0.6103617693219067,3
Shkoder,2016,6,5,17.535826247268265,0.35383151984390143,0.263521442483732,0
Tirana,2016,2,1,19.2954095870078,0.6550703868553878,0.23096300430062466,3
Durres,2021,5,12,14.040037395182653,0.8330480381752199,0.3991807649888911,2
Vlore,2024,4,12,14.609756033835152,0.2598420461461,0.5931917575579458,1
Durres,2016,12,18,21.87535509433962,0.35163122504326044,0.545317672949313,3
Tirana,2018,7,17,18.29949926951356,0.791096119082231,0.24473447723498054,2
Tirana,2016,7,18,22.842109829024476,0.6420874398093703,0.8911166744533762,0
Elbasan,2020,6,0,22.70736182505964,0.25509624199979564,0.10988196973520103,1
Shkoder,2022,10,7,24.506290714929232,0.5404450805766468,0.0394675630743353,0
Shkoder,2024,5,21,18.70450783575202,0.3468309605079345,0.6027062694061975,0
Durres,2018,1,15,14.548336070896582,0.3393674758490488,0.12340716806547647,0
Vlore,2019,12,1,7.4925457043907295,0.8584517403523666,0.5048908142789611,1
Shkoder,2018,3,7,18.812991752595764,0.7330790836532763,0.9517732844096326,0
Elbasan,2017,9,5,10.123132051958546,0.6873614154669005,0.6985802714527901,0
Durres,2019,1,15,9.941898928783957,0.36725017195450105,0.6174565803977604,3
Durres,2023,5,22,9.004043305409429,0.28300140312866534,0.5748052248722807,0
Elbasan,2022,2,10,22.377563204380454,0.8095828348997451,0.17953925219959277,1
Vlore,2022,4,16,22.227253380325322,0.20411569853971567,0.43264782462810436,1
Elbasan,2022,11,22,17.250379342271223,0.4716674965907137,0.3425235073667625,3
Vlore,2022,1,18,13.932600608785453,0.3943287520729335,0.9530743222220627,0
Elbasan,2021,3,10,18.11440366207478,0.5992633402441765,0.242320231370725,3
Elbasan,2022,10,7,16.751818456266207,0.3753559051200843,0.4715163713960514,4
Tirana,2022,7,21,12.730419214791134,0.41784375152981557,0.9380793632762501,2
Durres,2022,10,3,11.97224821719832,0.7950278984952355,0.789180652439315,1
Elbasan,2024,3,10,12.038680471052354,0.6222321763831631,0.9645152392844231,1
Elbasan,2021,4,7,16.371801466276803,0.30197776913055785,0.608330255146991,1
Shkoder,2015,2,8,17.601056478537345,0.708530080447082,0.33378685474593406,4
Durres,2018,3,1,13.486576823824281,0.3452214410359149,0.826649775464059,3
Shkoder,2018,9,15,24.342520454473902,0.503103451078736,0.2914562713733706,4
Durres,2019,3,5,5.760760078094101,0.6526250657875052,0.16477280191188592,1
Shkoder,2024,11,20,11.287987545029317,0.3903506762202411,0.7062888140390073,0
Elbasan,2020,5,20,12.80056834563426,0.4688747702730545,0.6389556635343594,1
Elbasan,2018,2,18,4.355348212763806,0.7139047181129057,0.8789489025953954,1
Tirana,2016,4,7,11.664100941032729,0.8565376673970404,0.9619247578160507,1
Shkoder,2020,12,13,9.747908260629693,0.5704715398716311,0.8571975872245541,3
Vlore,2022,7,23,14.626761674777097,0.20697968008963594,0.06002179758827075,2
Tirana,2022,7,15,11.064621490848655,0.4369246258692813,0.6645134329822682,3
Shkoder,2021,12,11,19.249824833875685,0.4790440343918741,0.7847324128640457,1
Shkoder,2020,3,4,14.70858240356062,0.4374215340015708,0.9819287243501765,4
Tirana,2016,5,23,6.725006903421551,0.5053882027808939,0.3746612995126337,2
Elbasan,2021,1,23,19.75128780703129,0.6428663776728798,0.16988158727114788,0
Shkoder,2019,10,18,6.083806817736209,0.28478961889842724,0.8529330617972212,1
Elbasan,2020,10,17,21.620032529666506,0.39084135620725385,0.31746674363255534,0
Tirana,2024,10,8,23.559866075810607,0.5553536602123372,0.5982018957938589,2
Elbasan,2022,11,1,10.771351093881933,0.42090131572598255,0.38989476421299984,1
Durres,2022,1,19,23.44899529852155,0.8937597366947516,0.4023262567586612,3
Vlore,2017,5,11,20.653171341573305,0.5020020269262417,0.7324644791774516,3
Shkoder,2021,10,1,23.371147831079167,0.8088594075145514,0.36147512533993864,1
Vlore,2015,9,9,17.9916728753378,0.827556884929705,0.693075112970487,0
Elbasan,2015,1,0,8.948524827849859,0.7852048998056449,0.014328455452302102,1
Shkoder,2021,1,3,22.784987975130424,0.23282876866161747,0.324647390003876,0
Elbasan,2024,4,11,7.869566599585618,0.8634227121293461,0.31904403135366266,3
Durres,2023,4,8,8.474271571368245,0.29011979349322387,0.748835285896717,2
Tirana,2021,2,3,9.692322792947639,0.22408253940000616,0.31455711602562786,2
Shkoder,2024,9,8,10.389172541218278,0.49005872553459023,0.633327132365083,2
Durres,2019,9,5,14.804072484751643,0.33624382293049926,0.6885244021078648,2
Durres,2022,2,0,18.982604569114926,0.32893757076426533,0.6584255441971152,0
Shkoder,2016,9,9,23.45037166241436,0.4014737293633054,0.6032936810486645,2
Elbasan,2023,6,13,5.857189334045551,0.3738839236727984,0.4136168493493947,3
Durres,2020,8,21,24.041756606792955,0.6793567815051071,0.37330497768381043,0
Vlore,2023,10,17,23.347782309033082,0.33074411464524905,0.5645840583758897,3
Durres,2016,4,5,5.133985135801818,0.580182813638081,0.06370310248432631,3
Elbasan,2017,2,17,11.566743891522817,0.8904985823004707,0.8758198420515261,3
Elbasan,2022,2,19,21.076011196286064,0.5026676946694022,0.8253151430303431,3
Vlore,2015,9,15,16.843107455067425,0.6493111761568056,0.34638471703718965,4
Durres,2024,1,14,20.360972811017177,0.8785601744109115,0.5668191233856312,3
Elbasan,2021,12,15,19.099700114587638,0.296347298628955,0.9322276981844633,3
Shkoder,2021,7,7,14.432172375670435,0.4930249065051346,0.2716367974120967,1
Tirana,2015,11,12,4.865578964985691,0.7951346801366779,0.7424552676948534,0
Tirana,2023,3,22,16.269632243354522,0.8526139779214159,0.08273180732100516,0
Tirana,2022,3,10,5.0198997142452155,0.6208652405712336,0.523372147470971,0
Durres,2018,2,6,16.67826106823775,0.30039442177815634,0.8839691294472977,0
Vlore,2024,10,16,20.80862811236724,0.8310301087633585,0.5517092841490735,0
Elbasan,2019,6,17,16.28482672274029,0.3221125963336598,0.6162528268371014,3
Shkoder,2016,10,21,24.93745789579564,0.447014493832483,0.9076392933095441,1
Shkoder,2023,2,22,13.573196503789095,0.4628555844335832,0.7153606400498028,3
Durres,2020,10,18,19.72537673568374,0.5131040779108396,0.6958696802242655,3
Tirana,2017,4,12,18.011479126580056,0.7531160711516647,0.5863840220928984,2
Durres,2021,10,14,24.820065522719847,0.7615010646717393,0.6329886141924184,0
Vlore,2023,9,22,18.97759910661921,0.70375855129468,0.8037054240166173,0
Vlore,2017,9,21,7.444645360647177,0.21549007209510715,0.9792330832972443,1
Elbasan,2016,6,21,24.06587183476206,0.5953915715520061,0.7953253540081879,4
Elbasan,2021,4,0,18.02332175536099,0.72324506911698,0.7075368316269962,1
Vlore,2021,7,15,5.246102846934187,0.5112376680430799,0.13554488361151484,3
Vlore,2018,1,4,17.808934421476863,0.8614552317557775,0.8170803874416932,4
Vlore,2023,12,2,22.545507540170277,0.7766673653162457,0.735994367398703,0
Durres,2022,4,22,16.11787910179053,0.6467085458407815,0.7704321954012339,3
Vlore,2015,5,9,11.434412398672235,0.24369762857775937,0.23109647824331192,0
Shkoder,2015,8,18,21.239102315482935,0.6566423733081967,0.9034436965409277,1
Tirana,2019,12,4,20.432752172322417,0.8381057208765532,0.09728136834686218,3
Vlore,2020,2,6,15.427825238857316,0.465611770816666,0.25361205569194656,2
Tirana,2017,12,13,7.241597167813907,0.7866927679237528,0.6630234383244017,1
Durres,2023,5,2,9.27071619598681,0.4192128000035253,0.6737144638310152,3
Tirana,2024,6,12,19.50816341590822,0.5990723040831119,0.31332456630082484,2
Durres,2020,5,12,20.927725473293478,0.6538970928595476,0.7015197771118148,0
Shkoder,2018,9,9,9.864570838860786,0.6745965262912264,0.38793053765487207,0
Durres,2021,10,1,11.727686620922519,0.8177845201250438,0.00017551585792330293,3
Durres,2022,1,5,5.630269590245698,0.36423558690439745,0.16260613228738352,2
Elbasan,2023,3,7,18.982700915696498,0.3836587097022823,0.8826182752181744,0
Vlore,2020,2,3,4.075128436600658,0.6928286953175158,0.22269401172941883,1
Vlore,2020,12,11,4.97737194560043,0.32403566873882667,0.11291033885887591,4
Shkoder,2022,3,14,4.091225423465888,0.5249892834747723,0.6822006059331945,4
Shkoder,2019,10,7,17.55171125008995,0.21402406885405062,0.4407064424097361,3
Vlore,2017,9,6,12.765129681711477,0.2986855358930799,0.7965909363976443,3
Elbasan,2017,9,13,10.248481988209935,0.675192469520203,0.8614449345657882,0
Vlore,2020,10,22,23.16672121749932,0.7232231224372276,0.8459888773872315,1
Elbasan,2016,2,18,8.048858688208739,0.2807233232665138,0.3130092191968933,4
Shkoder,2020,3,13,12.176728218009412,0.3593966852878379,0.5055459379681642,1
Tirana,2020,4,21,23.746547819482785,0.2692331125759358,0.6501417346469641,2
Shkoder,2022,9,12,12.96923781957789,0.5033889907475817,0.32198308728412395,3
Shkoder,2021,3,20,15.648567398588213,0.2882812495212433,0.04109931535301814,1
Durres,2022,7,0,5.687074197959239,0.5061072120168231,0.4956643822969191,3
Durres,2023,12,18,20.593494124762707,0.7124687790607922,0.01281833346559369,3
Durres,2020,3,0,12.877934318853,0.6783720432003921,0.9506456247259472,1
Durres,2017,7,3,20.81081761656815,0.39632234079629164,0.7966836460730264,2
Elbasan,2024,7,9,9.329750493675835,0.6716337844728527,0.19200977652359452,3
Vlore,2017,9,2,12.87205376178961,0.8493984916297039,0.2875717488919284,0
Tirana,2015,2,19,20.517527663665216,0.44326707095944085,0.9828385480194383,3
Shkoder,2019,6,8,24.451433107916433,0.4303834075883246,0.3735485541413044,2
Elbasan,2018,9,2,5.252136012132646,0.6000070560374122,0.7837223574338923,3
Tirana,2023,12,5,21.06157972579699,0.37185126771923027,0.44681546841925435,1
Elbasan,2023,12,5,10.314470420169314,0.6561052495861763,0.8640959241006102,0
Elbasan,2019,2,22,15.565608898712515,0.7825832394707366,0.703753508161509,0
Shkoder,2024,2,11,10.091937563965706,0.5215229535690424,0.02291005989115935,3
Vlore,2018,5,22,16.882354923927792,0.6756551274498677,0.2943898859392372,3
Durres,2021,10,0,11.429859443523487,0.6563197967180967,0.5579923148934525,2
Vlore,2020,10,15,11.005912710531312,0.22706589329331267,0.9261740440697538,1
Shkoder,2018,12,23,4.796704571654646,0.32839140662304345,0.10202989464149037,3
Shkoder,2024,10,4,7.086168523980042,0.8254710012726909,0.601162537711067,0
Shkoder,2016,8,8,23.258642176175055,0.8572245031555135,0.30217673141265755,1
Tirana,2015,11,9,24.963826006338174,0.7463077479378242,0.8893277820194403,0
Vlore,2018,9,12,20.390932093261736,0.8448737038293863,0.7651696096585132,3
Vlore,2018,2,14,10.023065120243222,0.4143040556430023,0.36970272200928533,0
Elbasan,2015,5,11,12.451347907315442,0.37339768024533293,0.16710316390861368,2
Elbasan,2020,7,4,19.529572553027737,0.46901013129236396,0.011497972397297773,3
Elbasan,2018,6,4,24.338784694547158,0.23873939898531701,0.6211344506719487,0
Shkoder,2015,6,17,13.56489458531672,0.7669101333289294,0.4061238076312438,2
Vlore,2015,7,11,21.41997072105587,0.888922839580554,0.3147564928607691,4
Shkoder,2015,3,2,24.476447374573056,0.7768205047056269,0.9855022916368356,0
Tirana,2022,3,6,22.34293659217609,0.5884827343967837,0.46614213556031514,3
Elbasan,2024,10,16,8.770144682197866,0.4066973793380648,0.7498392836454242,0
Shkoder,2022,9,18,4.168669141388081,0.3383885219805064,0.17741241725123624,3
Shkoder,2016,8,17,14.333715813156717,0.45484401025766197,0.013455257741813775,3
Tirana,2021,5,0,15.158577465600603,0.6668786706837444,0.417562619448016,2
Durres,2022,6,23,8.226257655574562,0.5129430888785765,0.6656648349426617,4
Vlore,2022,11,4,9.978162230883171,0.8538418740591402,0.5065986961834594,1
Durres,2024,12,1,20.068216377819486,0.7979542400760127,0.890466257624391,3
Elbasan,2021,10,0,13.877292432975809,0.2716804311740293,0.4339793511871648,1
Shkoder,2019,1,6,10.664435755605389,0.292067656719997,0.3110028131530912,3
Tirana,2015,10,10,17.075146574600307,0.6733674297100776,0.9160486762076435,3
Tirana,2023,12,10,17.707954875498633,0.361537872986248,0.4068022786343809,4
Vlore,2021,1,17,20.157311313656844,0.7537209139082257,0.26964786163961163,4
Durres,2016,4,16,7.290895211021303,0.6139506996284472,0.0976610768100804,3
Vlore,2020,2,1,19.571862298866797,0.36088136941334503,0.7933097732158209,3
Shkoder,2016,11,6,16.587996234318787,0.5350807582364139,0.8250914607978431,3
Vlore,2015,7,6,5.20900917135874,0.48425340465692335,0.03329778356517199,2
Tirana,2021,2,9,20.326358193321635,0.8112115514325833,0.35864559840152477,1
Tirana,2016,10,21,12.044685907996886,0.2225137324839352,0.7498764545979597,3
Elbasan,2016,2,20,10.937999620922389,0.8270907233267528,0.9463818474880539,0
Elbasan,2019,5,2,13.409578183214322,0.6564578780158203,0.377818283844905,3
Shkoder,2019,4,11,11.26967662342871,0.7162767312838652,0.8720534313794935,3
Durres,2021,8,2,11.10399743640809,0.20182522437484363,0.3937204065321951,1
Vlore,2015,4,10,20.969631021713134,0.6397676038260627,0.17949462724264809,1
Shkoder,2022,12,11,6.614610341679537,0.6119403145977182,0.0034461437768696923,3
Elbasan,2017,6,3,24.38260142500663,0.5760438894704099,0.3301810231528798,3
Vlore,2018,5,15,15.653564531861209,0.7501067996941195,0.37847505072737153,3
Elbasan,2023,11,19,7.841403966847571,0.5891097674775536,0.9451175288873361,0
Vlore,2018,2,17,6.755525141565417,0.7999680326919003,0.20607025242062282,3
Durres,2024,11,3,16.421700174834633,0.36284204048674684,0.3822307080175047,0
Shkoder,2019,12,21,17.292988320785486,0.76418781228019,0.025154129823113158,0
Vlore,2021,8,5,5.113541191626026,0.325518940977364,0.7635397350913864,3
Tirana,2018,2,20,9.103040196704502,0.7691824543782859,0.9151412362549867,1
Tirana,2015,9,14,20.704700345650814,0.8583244631799973,0.23782064727649188,3
Vlore,2023,9,0,5.042117182614035,0.43498589961726886,0.4289951106401645,1
Vlore,2018,3,2,21.95686194202676,0.5709204197861322,0.12211262136599399,2
Vlore,2023,4,4,17.821412007053006,0.6608303160462033,0.45683543031289076,1
Tirana,2020,8,21,13.1228884466273,0.25563016609814626,0.1333424636440954,3
Tirana,2015,9,16,11.275089828389234,0.5458565027428841,0.5233484944191521,1
Vlore,2017,3,13,4.404228240826773,0.4524094836117727,0.7346220404322331,3
Elbasan,2016,5,8,21.329513860788705,0.8107189418759155,0.5533427748141682,4
Elbasan,2023,11,2,6.9971589333393,0.8136756630958284,0.24521957838737596,1
Durres,2015,8,12,10.50038182910385,0.6905456776830657,0.3537959854689051,0
Shkoder,2023,3,2,15.951246587618881,0.6590071322147488,0.6385727377056324,0
Elbasan,2023,7,10,9.165844601496339,0.7135819214930998,0.5897554177893252,1
Tirana,2022,11,1,14.439949738796228,0.4561908307019649,0.13677478812133348,4
Elbasan,2022,8,23,20.996199403512747,0.4831634727254378,0.8449494735661027,1
Durres,2015,10,14,13.881296630595772,0.5875933060220937,0.4751889122470154,1
Durres,2022,11,12,23.928524226511517,0.8566196891551272,0.16236922452639302,1
Shkoder,2024,3,18,21.797513027903175,0.7067999118836938,0.12282654257472925,2
Elbasan,2017,2,21,10.993823942631277,0.5856924711473563,0.9655517746451302,3
Tirana,2021,10,15,12.399204616262693,0.7392891104277002,0.281535111173546,3
Tirana,2015,7,17,12.889861267473071,0.45962321856689753,0.9085935879163759,2
Vlore,2015,12,6,17.14976851141481,0.7113266908010594,0.4105852987689389,0
Tirana,2024,9,12,10.022710312959337,0.48747337379789024,0.3859214304531903,2
Shkoder,2019,1,3,24.35423191527268,0.3957629849104903,0.700928969649432,3
Shkoder,2019,3,8,16.782368632673517,0.6268068332656047,0.009883287775461436,2
Tirana,2022,5,9,12.387434833563804,0.6808142917551292,0.3380895216303905,3
Tirana,2021,3,8,17.545206125322913,0.5215054928256949,0.3026457121918089,0
Vlore,2022,1,6,12.303505221123862,0.5958505119488511,0.8680980942840464,0
Tirana,2020,7,14,21.173709300567797,0.6858462523991697,0.5291235390207832,3
Vlore,2020,7,7,15.924660171586147,0.7373970360902566,0.3645701572242519,1
Vlore,2016,10,18,4.881380571527407,0.8269000353581533,0.2660793102997181,0
Tirana,2020,12,10,7.711894215892675,0.4481809443850297,0.5905098088106291,1
Durres,2019,8,4,22.164873433620226,0.8660340769968156,0.15167314054336467,3
Durres,2017,5,1,15.82089635349259,0.6460958670861612,0.2462047685087816,3
Vlore,2020,10,9,23.957213006792006,0.7513913178892635,0.29361216506474974,3
Tirana,2022,12,15,5.520868570074381,0.6898383304370068,0.607908947606941,3
Durres,2023,5,22,10.200473231805452,0.34390020774388463,0.37325495901647543,3
Tirana,2015,5,12,8.064410838031025,0.25000686810617984,0.5057833001200495,3
Tirana,2017,1,7,15.63064613680346,0.7084005248126841,0.6504382637665866,1
Tirana,2017,10,8,12.038649452678097,0.5577368674562035,0.9562716008076872,4
Elbasan,2022,5,10,7.302744215604258,0.6915493578858272,0.7648373971027523,4
Tirana,2015,6,10,17.497790193150486,0.5337899627408218,0.4052567805721077,4
Elbasan,2019,12,22,15.262265681740915,0.4185641642915528,0.7482753743972568,0
Vlore,2017,1,15,9.76946127722232,0.3995125364816978,0.9496941809192125,0
Durres,2016,11,9,14.075198513429934,0.7113724916089958,0.4993805456541248,3
Durres,2022,7,23,19.66050461586498,0.39374605702604226,0.4104969331228897,3
Durres,2017,1,11,8.310705165563828,0.7002738096477945,0.07801869900073655,1
Durres,2021,11,5,10.15102068073631,0.46877208842216495,0.8923703706508622,1
Durres,2015,2,11,11.268330728976418,0.7396288830231617,0.2464342807936556,1
Durres,2020,2,9,19.681255181221665,0.2999669480478687,0.06395789681913955,1
Durres,2017,5,17,21.785374590569045,0.3434859602430419,0.5372034865910831,3
Vlore,2022,10,17,11.904158425273828,0.6801381240041144,0.8458996459615251,0
Tirana,2020,7,3,10.229038098512284,0.5921617841387838,0.40663505562305247,0
Shkoder,2016,1,8,22.67838192538522,0.3427148398351194,0.7830674701590162,4
Elbasan,2020,10,6,24.986663576046254,0.8319789082087752,0.8363960072839958,4
Shkoder,2021,1,17,18.07742643289778,0.3931609031888524,0.4544035588198637,2
Shkoder,2019,1,7,24.789592914772797,0.49474997873554366,0.5909550659404736,3
Tirana,2017,6,10,17.85929183384011,0.34160155931077657,0.5339122985389401,3
Tirana,2018,2,6,19.40266571216432,0.47161933283905993,0.9391958616345015,0
Tirana,2018,1,8,12.161776032413787,0.5441527250780319,0.7255056850917613,1
Durres,2020,6,7,13.092318486980123,0.4066729381590434,0.925342810770113,3
Vlore,2024,2,2,7.026848943777298,0.7383655712375383,0.22000997806197187,3
Durres,2015,6,16,21.27775031006759,0.47575308505237296,0.31023685183267047,0
Vlore,2018,10,1,23.5522396486312,0.710656999971137,0.07091347318006769,4
Vlore,2024,8,14,17.092200807576354,0.34495052277317034,0.4999079566958077,0
Shkoder,2018,2,13,11.216593477353367,0.4639248477552251,0.8739236793859108,2
Shkoder,2024,11,17,7.234342832861691,0.20564080222687464,0.3268466971307157,0
Vlore,2015,9,15,9.568280823811614,0.7310463087395982,0.1282821069493315,3
Vlore,2023,8,19,9.363618837888708,0.6381206510313389,0.06844625492905299,3
Durres,2018,12,21,16.884085567435037,0.7724763274443194,0.44750027252365454,1
Durres,2021,10,3,23.845786772635694,0.5189275516718993,0.1640217446287633,1
Shkoder,2017,1,19,5.013709626117611,0.7598184505989873,0.3461040288851035,0
Tirana,2024,7,5,4.021468291483408,0.6533077809896848,0.8199798080824369,0
Vlore,2017,10,5,16.60382083060084,0.20252905277396707,0.38404738275752437,1
Durres,2022,6,10,9.965269703674021,0.37758600656195834,0.6098709182563558,2
Shkoder,2022,6,16,22.491515189118097,0.5457239465443736,0.5021600558228149,3
Durres,2015,6,23,10.872256466022158,0.6330811447983798,0.7185332929700363,0
Vlore,2024,6,2,10.084489611106676,0.24591360526524603,0.15616495898756877,2
Vlore,2016,10,12,9.659723045584244,0.6935559497286542,0.9204410364836187,2
Elbasan,2022,7,21,7.0419093726331266,0.5804752683530818,0.6436327975500353,4
Tirana,2015,12,2,16.21213995981932,0.5680455147728,0.27095373158010727,1
Elbasan,2022,3,15,7.53248564901841,0.4044318906685406,0.12325370813805903,3
Shkoder,2022,6,14,12.917254355596109,0.6163761696434038,0.14972556414619032,1
Durres,2016,3,10,13.680413097368627,0.21924502274224228,0.7826629268961081,0
Shkoder,2018,7,17,4.430332984437464,0.24529023135279196,0.588110053312958,2
Vlore,2020,7,14,4.352952876243992,0.7137090610489891,0.38075829071818335,2
Elbasan,2023,8,4,14.924466463893413,0.4253239397737747,0.33290084618688,0
Elbasan,2022,2,15,18.616729376811776,0.4428769529371387,0.8557580044005302,1
Elbasan,2022,9,15,23.784992127888497,0.3458696422795163,0.874762523781461,1
Shkoder,2021,5,16,7.761504967296057,0.5119344844699525,0.5812620384192929,1
Vlore,2023,9,8,6.168434998157734,0.23639540198791023,0.5245440656650363,3
Durres,2016,10,22,5.093846045470169,0.41025425649977953,0.8164480420765715,0
Durres,2017,5,2,13.156873241171954,0.5689867452443882,0.7493351797943753,2
Shkoder,2024,7,19,17.086094714055093,0.5259423450913959,0.40032518332778844,4
Elbasan,2022,11,12,21.651620491776548,0.8997687501861236,0.082738684750857,0
Tirana,2020,9,21,18.33554252815576,0.472135256481837,0.7685001073627779,3
Shkoder,2024,4,2,8.375576570572004,0.4708993414780162,0.16870102894024375,0
Shkoder,2023,2,6,13.697177694321859,0.5525072441901222,0.016376906478478337,0
Vlore,2024,9,5,23.11727327248176,0.33321217718986085,0.8433026752039908,1
Durres,2018,2,8,10.861562312024795,0.8134130960714105,0.5782538453367186,1
Shkoder,2022,3,11,14.473337666930561,0.600587452205114,0.8916660355357584,4
Shkoder,2024,10,14,24.12987202751763,0.3344753474395957,0.48458808319761804,1
Elbasan,2017,2,20,19.42886811704765,0.7554091139604926,0.926481100711403,3
Elbasan,2017,3,19,19.702548098475532,0.22403251979999728,0.35397174797886377,2
Tirana,2022,6,2,9.29901409267778,0.8877949404097991,0.7245220023342929,2
Vlore,2019,3,9,12.708660484407691,0.8056045343399598,0.3009865092617835,4
Tirana,2017,10,0,5.729185425031156,0.6057476188738139,0.0011636643279784309,3
Elbasan,2024,8,18,16.73704320806121,0.2779069639299465,0.37974453454895674,3
Durres,2015,11,18,6.178333455392377,0.35069094130277,0.7377655131092388,3
Elbasan,2017,6,22,21.554101226325052,0.3956046192194942,0.15002417944651392,2
Vlore,2023,7,22,21.105629527419932,0.3687222165325277,0.504802033207393,3
Elbasan,2019,1,12,15.2057071235685,0.548264007317412,0.212321484850715,2
Vlore,2024,3,11,6.964486697137623,0.8611922591870034,0.0746241214191029,1
Vlore,2016,3,0,4.537158647098531,0.5109208093374673,0.6174519819443163,0
Vlore,2021,2,18,20.73088201839402,0.6630951977213838,0.951967622303403,2
Vlore,2016,7,23,16.602950147481963,0.6820082441851762,0.3107042187179171,4
Vlore,2018,9,15,18.929522371705552,0.810106507678138,0.5806458003599504,2
Durres,2021,4,22,10.37994964046372,0.22367490130006348,0.9536033677507945,3
Tirana,2018,12,22,14.699137494722205,0.4830310415432795,0.6504833499946875,0
Shkoder,2021,5,14,19.69065758133266,0.7493145798602694,0.6731133023099543,0
Tirana,2021,3,15,13.71382947458979,0.7704069104758122,0.1789285115608359,3
Vlore,2015,11,10,16.629068678143348,0.8491328306218078,0.4926096788528267,2
Durres,2020,9,23,20.58429349796721,0.6919560518726016,0.36708274708724664,4
Elbasan,2023,4,5,8.519633550593955,0.3716077622733205,0.47095685239103,2
Durres,2016,5,10,5.3845066765071286,0.5539660201590647,0.8008265764418772,0
Vlore,2017,1,2,15.168293727026908,0.22264170154322832,0.4606989877460983,0
Durres,2024,11,14,5.30464118512201,0.6528498387687727,0.06285067825783508,4
Durres,2019,12,0,20.097703181701817,0.5880066480561297,0.905541661150863,1
Vlore,2023,2,6,19.10344040030956,0.6667853965329051,0.5448158874519706,0
Durres,2018,12,0,22.515966100771237,0.8510983873713167,0.9244943585302919,0
Shkoder,2015,9,16,17.43080405871317,0.6810936282043021,0.5723545120276244,1
Shkoder,2018,2,8,5.411148985799849,0.4243149512623329,0.06963631597506059,0
Durres,2020,5,22,9.316194635281965,0.3391156647091097,0.5528693935257712,3
Elbasan,2019,8,12,20.966568735817106,0.7982453447730584,0.5757389324926806,0
Vlore,2015,3,10,7.509780763585343,0.3360325002916324,0.2143398793429756,0
Shkoder,2018,6,19,18.668089824112634,0.3131267064167547,0.4710290841043767,3
Elbasan,2020,4,5,20.385445949330038,0.34462845647668305,0.45944151187365134,3
Durres,2024,11,0,10.932347754960064,0.5561885936913548,0.6228761490206036,3
Elbasan,2024,7,6,10.76824694146108,0.2869312102116198,0.2596140986739204,2
Tirana,2018,10,11,15.713856305392085,0.8566828314176915,0.5817484179481938,2
Shkoder,2023,3,21,22.087012987850038,0.8763775950680628,0.2409520426369428,3
Durres,2019,6,19,8.702030240183092,0.8816612972980991,0.4464452722039066,4
Vlore,2022,12,22,23.766422116890457,0.22738736337380389,0.12270569933730702,0
Durres,2023,10,18,16.581492381222272,0.8623382685360221,0.037300547861478184,3
Vlore,2024,9,16,24.8346558983978,0.8981904528321976,0.3205873059917339,3
Durres,2019,11,3,5.8818882039017755,0.859700376541841,0.2745717506497415,2
Elbasan,2020,10,2,6.657804866641941,0.6696572340338942,0.4069359120313467,3
Elbasan,2015,1,0,21.35947787798314,0.6908611066859506,0.9619826200003397,3
Elbasan,2021,3,17,22.159873807680835,0.28557705791141336,0.5222292947703284,2
Tirana,2018,2,20,13.354632455789613,0.8120079539524738,0.5531767061367565,0
Vlore,2016,8,14,18.995494698989035,0.24174770924014005,0.9416010387873742,1
Elbasan,2019,7,7,22.21870303635631,0.42241138263234784,0.9211471375918331,1
Tirana,2017,2,0,4.905683552595402,0.8938061516037308,0.8841119539004179,4
Vlore,2020,6,19,16.05295888285843,0.4956295153720967,0.09799474202971303,3
Durres,2022,3,13,21.92309399705628,0.2918093567756811,0.6342974105203304,3
Tirana,2021,8,3,12.361253836280275,0.8785062634343561,0.8080989804935118,4
Shkoder,2017,10,4,10.350055728360964,0.8888977529292152,0.8355746895770949,2
Tirana,2022,3,22,20.709840386991587,0.3309298796671001,0.5779071425018961,1
Tirana,2016,10,12,11.05151825355956,0.8053626661181195,0.017495547486169105,3
Vlore,2024,9,23,4.066660261874567,0.4732963283357242,0.9737129016417351,3
Durres,2023,1,14,24.15102434021038,0.4669579251407001,0.4721967027581214,3
Shkoder,2018,5,5,16.43458796337139,0.38388834232783114,0.3935958952735982,0
Elbasan,2015,3,0,21.209876292911495,0.23129719218842756,0.39494871367726303,3
Elbasan,2022,6,22,21.331332809197004,0.38760628857965645,0.4241508800582665,0
Tirana,2021,10,18,5.394618827827389,0.2376438337331364,0.242180718172753,2
Vlore,2019,2,12,7.58806418711576,0.8470604324519744,0.3273336257498298,3
Vlore,2024,9,5,10.533534295952595,0.6632044706749098,0.9853576097747392,3
Elbasan,2019,6,14,10.73468498586778,0.8206358550114741,0.3681680002560942,0
Shkoder,2021,7,15,17.83450847129917,0.7021034770293995,0.526725016473789,3
Durres,2019,5,23,17.08579133580638,0.2919008097578475,0.8482942659752185,3
Shkoder,2022,9,22,14.386385338206088,0.8584070757147084,0.5274278111088635,3
Durres,2020,1,15,8.436538378484126,0.8299251375429368,0.3244534216181676,0
Elbasan,2019,5,9,12.02165286349637,0.44365325453072496,0.5237509769185301,1
Durres,2023,11,21,15.41547333776856,0.27807333824617353,0.11408631043909745,3
Vlore,2016,10,8,13.82769268818278,0.6929083255522117,0.13000695523276984,1
Tirana,2015,11,8,6.673143194996646,0.7098529119157058,0.6941075322306689,1
Tirana,2022,6,16,17.6397203635404,0.827780331388495,0.9174606572597457,2
Elbasan,2017,7,16,5.534087313023871,0.23685903161575594,0.7256781334885183,3
Vlore,2021,12,16,11.942088344702686,0.2991926866191603,0.0746132406573572,0
Shkoder,2024,4,23,18.91061630117981,0.6187741550154275,0.4028956110310057,2
Vlore,2022,12,11,4.420494224913837,0.6333920856090578,0.0025535882680637334,4
Tirana,2020,1,12,15.969639199951638,0.22352676362050442,0.5112067433256329,4
Tirana,2024,11,11,11.024940457009244,0.4778524357431609,0.19320448488185138,0
Vlore,2023,8,13,4.185468711877424,0.6089132118932343,0.8681466487286567,2
Vlore,2021,10,9,7.998048692280409,0.7165379332062136,0.1043350528690824,1
Tirana,2024,4,22,23.75987005868374,0.42130548424482994,0.0014333986470304039,1
Shkoder,2019,3,18,14.944127015606899,0.5387324451152891,0.4511460431137604,0
Elbasan,2022,12,1,24.941771297211766,0.7698384106184064,0.15543330392573917,3
Elbasan,2016,7,3,15.021151757659565,0.8677265447284184,0.7379863822751617,3
Vlore,2021,12,18,15.422664658095632,0.36122027277289187,0.919934731781395,0
Elbasan,2018,2,6,12.2287032715899,0.37712954407392735,0.04193801430256716,1
Tirana,2023,8,14,10.5108487933597,0.8578727312037129,0.3955821119160967,4
Tirana,2015,6,14,9.28245661579184,0.47713780553387847,0.9968149760709497,1
Vlore,2021,7,23,11.211832938744152,0.7028438271645199,0.7326719700006685,3
Vlore,2020,5,5,13.656872698909075,0.6285856601109133,0.9531876437058071,1
Vlore,2022,9,2,8.03183095484659,0.3999113758558394,0.16408328521615556,3
Shkoder,2019,5,5,8.722376927919614,0.6574935553706174,0.22136855949195355,2
Elbasan,2015,11,15,9.702440142037222,0.6588961306698813,0.15481124059682594,2
Vlore,2015,5,1,13.434457730547622,0.6147102297863534,0.30236903377593827,3
Durres,2023,3,6,17.709080703099104,0.26976257739465903,0.7243840683290519,3
Durres,2024,11,10,21.97906915601203,0.8966202756618264,0.1649466607581882,3
Tirana,2020,1,6,10.02976858093001,0.48029152281957915,0.5242340378832885,3
Elbasan,2024,2,3,7.8582951471701845,0.6467756897778922,0.26920991911439807,1
Vlore,2019,8,23,11.955796761861656,0.8200331858788334,0.8291957791369153,3
Durres,2015,1,19,22.78204460380897,0.49630194189388543,0.006592405338939011,3
Elbasan,2020,7,6,4.207075295079929,0.741747539763884,0.2231149585386668,3
Tirana,2020,5,3,18.23524093721265,0.8802770972755842,0.605240757572182,1
Shkoder,2017,3,11,14.02036097464321,0.4512543321771338,0.09671050197384257,0
Elbasan,2022,12,4,7.381970514174281,0.4836886991629157,0.4663122159459896,3
Elbasan,2015,12,22,10.741452051763801,0.833903241297598,0.43620729648236967,1
Shkoder,2015,11,18,8.72395092141771,0.3117500074706281,0.8525230068217636,0
Elbasan,2020,7,4,22.43447552569257,0.22001638685160962,0.6253971931668133,0
Tirana,2024,9,18,14.119341062844795,0.8362223033943783,0.6397020621591026,1
Tirana,2015,2,20,15.824979835322349,0.7751141018823062,0.9518076017891659,3
Shkoder,2020,8,2,16.46744000607743,0.8808081227859323,0.9823603753233751,1
Vlore,2015,9,10,17.43195961664948,0.24076644789747478,0.6533947321528386,2
Durres,2020,11,6,14.406669497894528,0.3093241313086911,0.5220014501520542,0
Vlore,2017,3,16,4.3753441475626325,0.2737187913628662,0.6079200584648798,3
Elbasan,2022,2,8,11.029176425207691,0.6783912926055964,0.38244370505416037,1
Durres,2020,7,20,7.861338055140815,0.6242070516230003,0.9874566169600774,2
Shkoder,2015,5,8,18.282999701145215,0.45153463957108175,0.7050212594968588,3
Shkoder,2019,5,9,5.19079767877098,0.24019643558157153,0.29100679437916466,3
Durres,2022,10,12,15.839871213344528,0.6477633888325787,0.05776629897206842,0
Tirana,2017,5,14,8.42326616776032,0.5990843395805396,0.04472192915196782,1
Durres,2020,4,21,23.925762607808284,0.279032247742431,0.20491298052653917,4
Elbasan,2019,5,4,11.046359785917247,0.8362367931315999,0.2329130542531116,2
Tirana,2020,4,2,10.829645018867318,0.3392647967703934,0.4150454939539002,0
Shkoder,2024,6,7,23.391078027805197,0.7204564065006995,0.21484601163625383,3
Durres,2015,4,19,12.764306326386968,0.8195531037800636,0.6309104308617446,2
Vlore,2021,2,9,24.220109017900587,0.6056324934855959,0.21125473081058177,4
Vlore,2023,9,12,4.507577394803573,0.37279423370877596,0.18787653894114598,0
Elbasan,2016,2,2,10.433236079245074,0.416473962337599,0.4712369928003699,3
Vlore,2024,9,21,17.990052165595053,0.8200232736031825,0.8886685993238188,3
Durres,2019,10,7,22.70799625508041,0.40878000946353926,0.4683054873786342,3
Durres,2024,6,8,9.384517453173963,0.7223333383221131,0.413848744572167,2
Vlore,2018,9,21,23.54002943123703,0.8931156485787837,0.5780949074597088,4
Durres,2020,9,20,16.476550796482954,0.8998717035538744,0.2572136787516285,3
Elbasan,2020,3,11,20.821173107156234,0.573435823788532,0.35343655449043443,0
Tirana,2016,1,10,12.34135339044484,0.7785890577502685,0.21383525566713057,0
Elbasan,2016,1,1,8.45578803390434,0.8931749075448396,0.5718099946076837,4
Elbasan,2018,3,17,23.135943724401557,0.46227102288938754,0.6973875615692153,0
Durres,2015,5,8,23.59585323653059,0.3766867095492141,0.6736986409905719,3
Tirana,2023,3,1,14.449078027236846,0.27996334908952825,0.2548178179647618,3
Durres,2021,12,1,4.136395335984386,0.2986297466511883,0.779648205747967,0
Shkoder,2021,9,2,6.305442027078493,0.7974894545344644,0.25595366524993024,1
Durres,2017,9,15,16.033587164866155,0.6121061632149518,0.15031155126776297,3
Durres,2017,3,18,4.49931074833961,0.8115964227747401,0.34980874868719436,0
Durres,2015,3,3,12.3351504037206,0.7526185623225179,0.597744089170883,2
Tirana,2017,12,22,10.370768857012264,0.6716212410336124,0.142001818804398,0
Durres,2017,5,17,19.0013137834463,0.6265185343348025,0.6480871121084563,3
Tirana,2018,2,19,5.167152131906641,0.23383723292466507,0.863067996253491,4
Vlore,2018,6,17,14.263356648523036,0.8105926372022345,0.29314051025807053,2
Shkoder,2017,7,9,16.161399667387712,0.49248944317579996,0.4502066161151195,1
Tirana,2024,9,10,16.96311259710497,0.5918507999499744,0.22831042562517812,2
Vlore,2022,6,16,12.508311112355758,0.21536745131391452,0.3612617290703949,4
Tirana,2022,3,23,10.391723452020571,0.8552514513039509,0.021970570802507416,0
Tirana,2015,12,22,18.332353708480124,0.8319183227644009,0.9537693962128271,0
Shkoder,2021,5,23,21.798950010152396,0.5802946209426739,0.4158902132121951,0
Elbasan,2016,4,19,18.565970393440452,0.6041181432178502,0.7888701098180803,0
Elbasan,2015,5,15,23.574149674601653,0.693512048682442,0.14264343735650964,3
Tirana,2017,8,19,19.06253403251647,0.38528642750530506,0.8123550441003988,4
Durres,2018,8,12,20.056993414285984,0.3553409358993118,0.860147310962201,1
Vlore,2020,6,1,7.525967128643866,0.6718160626211429,0.7154771286876792,0
Durres,2024,1,23,12.810332535060947,0.27309571231123575,0.9032083249834054,0
Durres,2019,8,1,14.186161950075268,0.5178434033063666,0.16719712946813636,3
Tirana,2018,8,13,9.38215640818676,0.5449322967993631,0.47648182878862,1
Tirana,2022,2,3,15.099337067482045,0.46693588384061757,0.6201095320161573,0
Tirana,2018,4,16,10.106630828658798,0.3296877229884143,0.5961929706974873,2
Tirana,2024,12,12,18.437543948892735,0.4487213850277483,0.8610409345262982,4
Elbasan,2016,2,3,13.876058010766693,0.43629007749231496,0.21569136797288568,0
Tirana,2017,4,2,13.634946039649748,0.5494859722541252,0.1756438325388664,1
Elbasan,2020,12,11,24.656493151689048,0.6722765891049636,0.25337859485795144,0
Elbasan,2022,10,21,12.241341819393979,0.8777645864683195,0.8915500494128707,1
Tirana,2022,7,22,11.608204084380935,0.30091428212202975,0.9410270826575747,0
Shkoder,2023,9,7,10.690691796935742,0.8111119769587574,0.5696301042699973,0
Vlore,2021,8,1,22.78973364049176,0.39892460027318366,0.5013719345705198,4
Durres,2016,12,5,14.431200348061743,0.6139609390009839,0.6053856080126564,2
Elbasan,2022,9,21,16.600304027093344,0.5827158635887076,0.6163076498466941,0
Vlore,2021,8,9,7.7971880590502955,0.589863893039784,0.1703047049434958,3
Shkoder,2022,2,11,15.359789560103465,0.7063510282031691,0.6864108816231302,3
Durres,2017,7,20,9.767612050238254,0.46718181402429715,0.45235110234842557,1
Durres,2021,2,9,19.343375346520425,0.4233699742657989,0.5173819588480452,0
Elbasan,2024,12,9,21.483095324640026,0.796984201229834,0.030316604335155484,1
Tirana,2023,11,22,19.011024534756828,0.3540665281919892,0.7645566325310303,0
Shkoder,2017,2,2,19.335127491675404,0.32617222611780017,0.8354279612678818,0
Elbasan,2024,4,19,14.761968786509858,0.2109252056586826,0.6194215539345466,1
Shkoder,2020,1,9,18.95447918301684,0.34740444742043075,0.7487236352966626,0
Tirana,2016,5,8,12.876425645671366,0.5629720033216958,0.5227060031721019,1
Tirana,2016,6,19,17.681272224121873,0.5769562111098795,0.6183533789785556,2
Elbasan,2019,9,18,9.439823412530808,0.378094343836874,0.3945716984632386,3
Tirana,2019,10,13,5.464897258552213,0.2505919190288399,0.7918742650625126,2
Vlore,2021,8,1,12.682938546561338,0.7212485574416443,0.4682709302644926,3
Durres,2016,2,4,13.69734127139029,0.7305827439936099,0.6802129044188826,0
Elbasan,2021,1,19,9.38455032196249,0.8984854774040931,0.6214293786195046,3
Shkoder,2019,2,7,19.28189988655199,0.8300206993743022,0.7023145183857498,2
Vlore,2020,7,6,5.5445600585018635,0.8482434451623497,0.7852158751252233,3
Elbasan,2022,4,5,8.67771481196296,0.7587426780207593,0.5127134815929951,3
Tirana,2024,10,10,19.719859087526164,0.6308519973677493,0.8130659492556687,0
Tirana,2018,5,11,13.17960974854026,0.2899821703231573,0.497257237271609,3
Tirana,2021,12,17,18.81095610482556,0.6356193082191144,0.9566343228639368,3
Tirana,2020,7,18,15.917203433455521,0.23916910229023866,0.7526717486147942,0
Shkoder,2024,3,9,23.964967749944613,0.8197093778898346,0.17114164974606416,3
Vlore,2016,10,20,16.553712487179492,0.5372749347899382,0.8295844713634313,3
Durres,2022,2,13,4.312248461255914,0.6882309823830601,0.5515876608066341,3
Shkoder,2024,7,2,11.410424360591014,0.23657056458717482,0.9844609579738653,1
Shkoder,2023,5,17,7.004274326298861,0.5739738960459777,0.7188190436735273,2
Durres,2019,1,23,23.417307229551767,0.41088437849735376,0.08439074657019108,0
Durres,2024,1,14,6.184261539986687,0.399477786016072,0.3949604276103488,4
Tirana,2018,9,5,12.141839925752837,0.47275914029222776,0.5172754026732665,3
Shkoder,2020,5,9,8.748083066160536,0.20044762260237445,0.8390136031598019,0
Elbasan,2022,1,11,21.7811617983314,0.5266626172041214,0.7293455343297727,1
Durres,2017,7,6,10.479896449367256,0.5405966785255568,0.3693600706116389,2
Durres,2024,9,16,24.829763145995546,0.8041916410873449,0.653432687502629,4
Vlore,2015,11,0,4.8109487178572685,0.5139679255177376,0.5769109078983793,4
Elbasan,2018,1,17,6.693812221713883,0.454489405707371,0.12605260895240689,3
Elbasan,2018,10,14,8.717414305011292,0.8963229359537244,0.23485869299860052,4
Durres,2015,4,18,21.033226844203348,0.5998493272217473,0.34112231271431437,4
Tirana,2023,3,0,22.44886139034433,0.5308292460438977,0.19548340636350292,0
Vlore,2017,5,4,5.50047899279787,0.5471550841838656,0.15013384583002554,4
Elbasan,2019,7,14,4.681662977007805,0.7664269082561634,0.05819777013028704,3
Durres,2020,8,2,19.635693999196164,0.43847345827911255,0.8731025656089301,2
Elbasan,2022,2,0,6.800392141825883,0.4724123238801619,0.2889434179648537,3
Vlore,2020,7,7,6.7929703285674226,0.7291113515362257,0.2903206039335662,3
Vlore,2017,1,11,4.469697224383014,0.25108861772963864,0.20622813743015544,2
Shkoder,2020,7,21,5.04596542925186,0.8056184107002811,0.475397371863883,0
Durres,2015,8,18,9.537184630505273,0.5011418875275789,0.5142419679223724,2
Vlore,2018,2,11,5.365115277626932,0.606905082853954,0.20828135862508002,0
Shkoder,2020,9,12,11.746460924844786,0.7302333114818846,0.6085703378636506,0
Shkoder,2021,1,0,21.48827565577433,0.3862363457075414,0.7229999595937491,3
Elbasan,2024,6,18,10.852725403753446,0.8232199458244558,0.37384008596545193,2
Elbasan,2017,1,5,19.284517414166803,0.8854574805796276,0.5854516968574387,1
Shkoder,2023,3,7,5.972109261451632,0.5459920529842872,0.5023019051644463,2
Elbasan,2021,11,3,17.84687893580935,0.8558561555228712,0.19554839835610216,2
Vlore,2015,6,4,10.651690848406135,0.20079003576888793,0.7300109887745778,0
Tirana,2016,3,21,19.7448104526378,0.8259664807448699,0.8014530278240474,0
Vlore,2015,8,6,6.861292295184019,0.4177317238259139,0.6487931155871676,0
Shkoder,2023,5,22,22.85555093305412,0.41804679730932137,0.3238960277710513,4
Shkoder,2023,2,3,9.094121260856669,0.35966220533895754,0.9267924944093012,1
Vlore,2021,4,19,11.415893658904706,0.4219097308056313,0.4553583879951243,0
Elbasan,2024,9,3,23.953794927178876,0.34943920858904454,0.26587848538509784,0
Elbasan,2017,4,14,16.14812955434804,0.8341083744169802,0.4082346208219565,0
Shkoder,2019,10,20,11.681201898223462,0.8293166090493564,0.6920750919082098,2
Durres,2018,10,4,23.941645087706267,0.27154792044443576,0.8459317856592492,0
Elbasan,2021,8,23,10.910625754690672,0.30000090020654474,0.3565754992828726,2
Vlore,2023,5,8,5.992284966178775,0.8034130473074665,0.2326244460093747,0
Elbasan,2016,11,1,24.933826645047816,0.4792564396109222,0.6264931318352048,0
Vlore,2022,11,6,9.624743331737191,0.3184901741374948,0.9212151001062855,1
Shkoder,2023,10,16,21.876414822691757,0.5574685817055971,0.1832933635594216,0
Elbasan,2024,1,15,7.476356691284833,0.49166763494406646,0.8030193822993665,4
Vlore,2024,7,16,19.358433407324938,0.35341308761657564,0.47660718148748416,3
Shkoder,2023,3,19,15.013437283917293,0.7045265527943441,0.7995125039620917,3
Durres,2024,10,22,24.59903772409272,0.6419025186329116,0.5055411497732909,0
Vlore,2021,8,1,15.60943747794039,0.26976312948880843,0.3773277743022193,1
Durres,2023,12,10,4.525318189707937,0.8477707000277397,0.6967410002096508,1
Durres,2023,3,1,16.681437782105846,0.5909289760110483,0.9006272945948973,3
Tirana,2017,1,0,7.051645583069147,0.37514314094447926,0.32025173037018106,3
Elbasan,2018,5,1,20.769359220923832,0.3444042705506545,0.46074813499437184,2
Vlore,2016,2,22,21.98793212628788,0.29516358696054107,0.2294006266965225,3
Durres,2024,11,8,14.123963894689,0.49724618447324553,0.18340946361735078,0
Tirana,2017,4,21,20.44765059809827,0.2948787091635857,0.7778901423921751,0
Shkoder,2019,1,1,7.047325445113708,0.4910714888166583,0.20066411668844242,2
Vlore,2019,9,14,14.333641917248567,0.3041392997638824,0.7933181713344499,3
Durres,2020,6,9,12.272829558502277,0.6597652650667225,0.4292170518402645,3
Elbasan,2021,8,14,16.837665128114708,0.7496694151804508,0.9950487234077158,0
Tirana,2021,11,9,4.9340209648663595,0.584665923265931,0.19734141819128925,3
Durres,2015,4,22,19.794579603221173,0.6760398123984281,0.09297799251282601,0
Elbasan,2016,9,16,5.661715078968357,0.8568651159588427,0.0754330696034956,1
Durres,2023,2,8,17.785901868133465,0.6468600706994254,0.8354180047242007,3
Vlore,2024,9,17,4.387601736338828,0.45491073872871785,0.43777631105834336,3
Vlore,2016,12,3,21.46964933889132,0.5146361110724409,0.003124349647371627,3
Vlore,2020,5,8,7.6686922346994075,0.8023676582504258,0.874771362503336,1
Tirana,2015,6,15,14.8254469955168,0.2915042232650675,0.8769210069103045,3
Vlore,2017,3,3,9.491350978280007,0.42801591571530284,0.8064166740187909,4
Elbasan,2016,4,15,19.17559124328244,0.6040960482793389,0.2483184830248425,0
Durres,2017,6,18,10.748373103984147,0.6734726985859041,0.3727527200671731,0
Shkoder,2019,7,0,19.21679306535466,0.7344493528021936,0.7449262251954837,3
Elbasan,2024,1,22,9.982295343545006,0.422744757197261,0.48935312540758524,2
Elbasan,2020,7,5,19.80193490965096,0.3021013938064052,0.1538265767235525,2
Vlore,2023,1,9,4.642715423074989,0.8683874467735919,0.2427982645276724,0
Tirana,2024,5,15,9.949538042850818,0.25347455199242763,0.9725895367515573,0
Durres,2018,6,3,14.471303635245857,0.2670637490508198,0.1510131174271062,0
Tirana,2021,2,21,4.946251220314235,0.5464597793313781,0.7260807566781885,0
Durres,2020,10,21,7.9067152887968515,0.7734897197005188,0.4780183066595389,0
Durres,2016,9,12,23.625276614465267,0.7421528744487287,0.7486016595521597,0
Tirana,2024,10,15,24.513519568783973,0.8563894863358643,0.6611132411443931,2
Elbasan,2022,6,19,19.534748895200195,0.29912180292909185,0.43916719055432596,3
Durres,2021,7,5,9.29620106295517,0.4630090799437052,0.3539108246830671,0
Tirana,2021,10,10,9.470866354155348,0.39749949010519703,0.7543592543561255,0
Durres,2022,8,23,17.56159751369653,0.8026090864882705,0.32314120625982645,3
Shkoder,2015,11,2,6.469591948572737,0.5418482341968403,0.7877714800885685,0
Elbasan,2015,10,19,23.914496989037698,0.21879355409096646,0.679843066332452,3
Vlore,2022,1,9,8.721070889713875,0.6955750847868776,0.5776691702331689,3
Durres,2018,8,0,24.99234813393432,0.4720886684786218,0.36880088490229734,4
Shkoder,2019,4,19,14.41040970135167,0.5718027343597085,0.20508135776637493,0
Vlore,2022,10,10,20.200029768851664,0.8256511989069986,0.7104198012406638,0
Vlore,2019,8,11,4.045865984616702,0.3797164422429682,0.09134922717058092,1
Durres,2024,6,13,22.66367449978448,0.368185272928524,0.9705422561557597,3
Tirana,2018,11,7,9.67004294039219,0.3842347529260625,0.9787479146154875,1
Durres,2020,9,10,18.026671635509373,0.4366755938817919,0.13022261595813867,3
Shkoder,2019,11,3,20.933460896665384,0.27514778225226977,0.10393532297230224,2
Vlore,2021,4,6,7.447102551739043,0.6880537625660126,0.4127167270830301,2
Durres,2024,2,9,13.292699107913808,0.34517910248039557,0.9636832722605021,4
Tirana,2021,2,18,14.37055475369039,0.84830202308941,0.40031089923111296,2
Durres,2018,5,3,10.554508772123295,0.3509804197369095,0.36380210843233485,0
Elbasan,2019,10,1,14.11687242430861,0.37894942051614255,0.7035850589987712,2
Tirana,2017,9,20,10.668458810762099,0.4079141601675714,0.17873123659522705,3
Shkoder,2018,12,17,11.575702646159394,0.7379766679079911,0.36332348357375144,2
Vlore,2018,3,13,18.05595475275752,0.4993245412094208,0.2913074462744878,3
Durres,2017,8,15,17.28445863440494,0.7735342368214331,0.6015346226306262,2
Tirana,2024,4,21,8.877580241748031,0.749397598649052,0.16275288621416384,2
Elbasan,2019,6,10,22.847140580703915,0.8506432959372265,0.5487012556062363,1
Tirana,2019,10,9,22.118559459099203,0.7296229085728383,0.8575465899368448,0
Elbasan,2021,6,16,14.690749440488984,0.236337818768344,0.5141705467076019,1
Shkoder,2018,3,13,13.098265596610759,0.7860968915893409,0.6834966170980852,3
Vlore,2018,5,21,11.913975642666285,0.8566508176937879,0.07524801767793288,3
Shkoder,2023,12,3,18.85262629199522,0.8955824347847683,0.449005579247043,0
Durres,2020,3,18,18.104987201398878,0.2876873158927256,0.09489316743585197,2
Tirana,2018,11,1,8.119792745697552,0.6292912885285742,0.5994616757866569,2
Elbasan,2016,11,6,18.100618657307585,0.3396210661189116,0.2810543711738185,1
Elbasan,2020,1,8,9.30105507614284,0.38375674863881926,0.28726583099174796,3
Tirana,2016,7,18,4.389725066994037,0.7219090367560006,0.07676673714498072,2
Tirana,2019,4,15,18.68338222828492,0.8843674023893422,0.3102378614407344,3
Durres,2020,7,21,17.54066565167574,0.6163988510241161,0.5066771771070974,3
Shkoder,2018,3,15,12.62699450986117,0.7954091288755731,0.5846601031717614,3
Elbasan,2017,12,17,15.039407174309629,0.20621866268017955,0.0666655512758233,1
Durres,2021,11,22,23.890553025820953,0.2256421478947335,0.6514591857160702,0
Shkoder,2016,5,20,16.49920379901419,0.6177070361281043,0.4888757607534946,3
Durres,2020,5,20,17.81556264206716,0.4722881711203074,0.5369080079142348,2
Elbasan,2018,2,10,5.342137739931963,0.8228304704812077,0.8327966737677948,0
Tirana,2020,11,6,7.4858836741776305,0.41138733916001363,0.34222644530486657,1
Tirana,2018,10,8,10.319997804643352,0.5024357192528333,0.1740511113650347,0
Shkoder,2018,12,3,15.326965678591005,0.5695364384820978,0.5518101757069541,3
Vlore,2018,2,12,20.308408815649745,0.3911271830203733,0.9450219175352388,4
Shkoder,2023,4,3,10.746058433560327,0.835946407217306,0.5178696191811312,3
Vlore,2021,4,18,11.484031040054253,0.525173509260668,0.8319121741195065,2
Durres,2017,4,1,9.379168588648726,0.49690892638331186,0.757032054461033,0
Durres,2017,6,8,9.346795915201422,0.7948271342540327,0.5183307870098315,3
Elbasan,2020,2,11,23.926140763790727,0.4183848811535289,0.6475547776534225,2
Vlore,2020,6,1,17.34460077199669,0.7722257411576727,0.4066801840966585,3
Elbasan,2018,7,5,7.273926114338884,0.2855909969049446,0.5306286890971937,1
Tirana,2023,11,4,19.16722013976946,0.32795197335542975,0.5072857552906347,3
Vlore,2018,10,4,19.16244401056061,0.8655891663202142,0.709110362957773,0
Shkoder,2023,3,19,17.995874117127805,0.7897132435653955,0.4099813193562827,2
Tirana,2018,11,21,6.829129346903936,0.47152923101948435,0.09976712262214005,3
Tirana,2016,12,4,12.567821152861326,0.6469195141019206,0.7887095228136228,0
Shkoder,2016,8,3,6.241882940382675,0.860079132601669,0.6848530033282075,1
Tirana,2019,2,8,21.149030585934867,0.34830123200485896,0.9501234554573654,2
Vlore,2018,11,21,17.758615006736306,0.24130732915610048,0.4287161758478628,0
Elbasan,2021,8,9,14.651282672124186,0.5762276451537136,0.07820565691109471,2
Tirana,2019,11,15,11.203325006512529,0.2998178150645153,0.12161898636324298,4
Vlore,2020,5,9,7.8692389643831016,0.33112336489796257,0.7733195432030779,3
Durres,2024,2,9,6.235399365495265,0.8240774328121057,0.06775728277860193,0
Vlore,2018,7,18,24.35405275827489,0.20518242105142395,0.9078261449292854,3
Elbasan,2016,2,9,8.192621481076484,0.771774018524708,0.28165011129518536,1
Vlore,2024,6,5,5.257367161149099,0.5618655434349253,0.8988790405793248,1
Shkoder,2023,10,16,24.195002215832424,0.5915060713517102,0.7735068488009461,1
Elbasan,2024,3,4,15.527986568514368,0.6702375723194537,0.87120103629169,4
Durres,2021,9,5,20.729791434814,0.5020114946156072,0.21403969176996573,3
Shkoder,2018,3,23,4.91908279116469,0.28092832173469034,0.5956934958135682,3
Vlore,2017,11,14,15.905863007072748,0.27197415666337665,0.09358913207242259,3
Elbasan,2024,12,18,12.362409246477897,0.7280535394287597,0.20228076753937596,0
Durres,2017,12,17,20.211253121347553,0.3547246002870994,0.30990222733726847,2
Shkoder,2023,3,3,4.806938558420231,0.21967117853235096,0.7408125915100231,1
Durres,2019,5,7,12.435501939793902,0.8857297223692588,0.02471437938848331,0
Vlore,2017,7,15,20.780541809210117,0.8862740635524853,0.9031172828721364,0
Durres,2019,8,23,14.97664255740577,0.4646989361406459,0.0708035137129217,1
Tirana,2016,12,18,15.550813560970683,0.21786669118997926,0.37649019534462713,3
Shkoder,2018,11,19,6.040458321285276,0.7090852610149248,0.08108962832858413,3
Durres,2024,7,2,6.778941678521919,0.7817084423399685,0.7689678431033737,2
Vlore,2016,9,9,18.216991712681505,0.28750958308106683,0.14131497340275678,0
Vlore,2016,5,1,18.175979068088317,0.2948210304364654,0.8847569102624576,4
Durres,2022,10,3,24.56117127929774,0.7755567997877535,0.5302219865915261,0
Vlore,2015,11,5,18.95101274937656,0.8453351721006643,0.9484728194553961,1
Elbasan,2021,3,10,14.358113414602393,0.7535283856719046,0.2903609128081953,2
Elbasan,2019,6,13,22.00388429420461,0.3405214644186707,0.45431615187839103,3
Elbasan,2022,5,15,6.193932702134661,0.48806485360395463,0.6942469623295779,3
Tirana,2015,12,20,13.435212238821345,0.6205896981061398,0.8319133125709606,3
Durres,2021,4,18,10.029291329478966,0.3122054316745801,0.42135708774560676,3
Tirana,2019,12,1,6.197393945480137,0.3474217448427558,0.8924325383271642,0
Vlore,2018,2,16,20.033543779127694,0.3980202504479885,0.11798720832439524,2
Tirana,2021,7,8,14.726632640476561,0.5566592892035855,0.7086847188100954,2
Vlore,2024,5,16,15.692143117847303,0.5575634210242832,0.3481989822136604,2
Vlore,2016,4,14,12.636358946116909,0.7700061635432869,0.10133548413259696,3
Shkoder,2015,12,6,13.66708186365744,0.7271071404813378,0.38666455680200384,2
Elbasan,2015,8,21,6.436365129583066,0.8396149725769595,0.8802156244855679,0
Vlore,2015,9,22,18.131274310026505,0.7830312059772175,0.98053387128864,4
Shkoder,2019,9,18,13.081394551709488,0.3777142838139583,0.3927998571004826,4
Elbasan,2024,3,2,21.15211903572125,0.4319077385127999,0.8864163878063751,1
Vlore,2021,3,0,8.122031203004598,0.5502962705427736,0.5096544162418782,1
Vlore,2016,5,3,8.306156961795551,0.20998979419455122,0.7170150376639415,3
Tirana,2024,5,17,17.560951002144442,0.8327314043986049,0.04537142227382318,3
Tirana,2022,10,7,21.766071891345334,0.23104094879363746,0.5573119719840234,1
Elbasan,2018,2,18,13.916154610981682,0.42570888957164543,0.07016193621099043,0
Vlore,2017,1,22,19.266031243395098,0.5984223538374847,0.2686179570937993,0
Durres,2024,8,22,24.985928351354797,0.5624889720248061,0.5668143258686786,1
Tirana,2022,3,5,24.79557843430749,0.6581219249781123,0.8071637664216805,2
Elbasan,2016,1,0,19.6310736992557,0.5692641227059463,0.5608936438039106,3
Vlore,2017,1,7,19.531316283243225,0.36030099799212406,0.9361915411152101,3
Vlore,2017,11,0,9.199996631177019,0.34075473145571034,0.8103325075758355,3
Durres,2024,2,18,21.504332262419247,0.835072948352849,0.15624014610510262,1
Elbasan,2015,6,10,12.507144667989532,0.3847767157149148,0.38895848562793733,0
Vlore,2020,6,20,24.201872107203275,0.39668406371565945,0.6684854273067788,4
Tirana,2016,3,23,5.709981462845645,0.4890670272702412,0.9384060316092901,1
Durres,2015,12,14,13.152647746327247,0.29760682900498175,0.9877158687446709,3
Elbasan,2016,4,22,15.67265024135347,0.5550909910962682,0.7631864379628072,3
Durres,2020,12,10,12.508280348809462,0.665522233191492,0.5737693055793639,0
Tirana,2018,2,18,8.42216300060381,0.7502003444541567,0.7566096897379919,4
Elbasan,2020,2,20,16.45275826443271,0.6980179693049604,0.2732364194639477,3
Durres,2023,7,9,19.87427620712789,0.3033451748561846,0.2836030272596327,1
Shkoder,2024,1,23,17.541610516424125,0.5192470014796468,0.6543493461623232,0
Tirana,2024,7,11,8.923425824968831,0.22701034056572492,0.8718355763999104,3
Tirana,2022,12,0,19.363766831739003,0.21245859770466452,0.9698094891763537,4
Tirana,2015,12,23,9.394853926935827,0.5080912927916604,0.34133460083121825,3
Shkoder,2022,1,6,7.67924962140484,0.37707234612034035,0.7965536231013203,2
Shkoder,2023,6,16,18.504028324213166,0.678352556411354,0.8515308052874937,3
Vlore,2020,3,9,21.69853216839251,0.7069685507693888,0.6231732430313928,1
Durres,2024,8,5,14.112328401628062,0.8267826071907789,0.3475918822297629,1
Vlore,2019,6,16,15.159227655907193,0.7324777594773271,0.6190885652738011,1
Durres,2020,11,17,10.357698979895883,0.2337708861955792,0.5844489043115128,3
Shkoder,2020,2,4,14.386978317310676,0.46013610725043735,0.6065255057964909,3
Shkoder,2023,8,17,6.771642958260552,0.3911163462264855,0.6192602137877214,0
Vlore,2018,5,16,24.07244742334279,0.47029271487901286,0.847058190871695,3
Elbasan,2016,8,21,20.807573726788522,0.3120529612780911,0.17008151326733034,2
Vlore,2023,8,15,18.027434277265883,0.26839287258341543,0.3672939476151681,0
Durres,2016,6,7,15.302081805372463,0.5646891797558804,0.5860017273507114,3
Vlore,2024,2,23,20.635551860787253,0.704266917606476,0.2833277386116264,1
Tirana,2023,8,12,14.38990203130189,0.69133763135236,0.9781531220840393,1
Durres,2016,11,23,10.299452071245183,0.515661025523359,0.2631502596023292,4
Durres,2022,6,15,7.367858938500113,0.5655952904022623,0.4696288806423652,0
Elbasan,2023,6,10,17.599297364837952,0.5614301057560489,0.8773650457130683,0
Shkoder,2024,8,5,23.517940645556795,0.6840992644376394,0.08006366266022624,3
Durres,2023,1,2,7.225989623591374,0.23354762316921687,0.8206880020942519,3
Shkoder,2024,2,0,7.780378946066942,0.6969272762098567,0.57100836897467,0
Vlore,2023,12,17,13.105726701600236,0.6075406305301012,0.03180204081967042,4
Tirana,2016,12,4,20.944886306313467,0.338676100270102,0.9029128919667692,3
Elbasan,2018,9,12,10.172377308401597,0.23434119762238517,0.03919683545574304,3
Shkoder,2021,11,9,9.33217141807059,0.2759694533905219,0.5152177962712928,3
Durres,2016,12,4,17.019292120719513,0.5672839389934887,0.049031246365681125,3
Shkoder,2015,8,13,15.24791041936097,0.730885971063898,0.07120009847449815,3
Durres,2017,12,16,5.264627653349962,0.43426010098715084,0.8872043142578919,0
Shkoder,2018,7,0,5.711289523494807,0.46538673749365517,0.7658255469624435,0
Durres,2022,7,1,17.50327258388009,0.8539024905322787,0.19694117324489147,3
Vlore,2020,5,6,13.767595582103372,0.34910915882280324,0.6204679732142538,3
Durres,2016,2,9,24.390521023372088,0.2726245972027461,0.7946795684312156,2
Durres,2023,11,19,18.24915962533136,0.44038707966001256,0.8895906413668647,0
Tirana,2016,6,6,4.211546901857861,0.7221454836445915,0.4683069268391463,3
Durres,2019,10,23,14.101394375809699,0.6382541037392923,0.8974998774012042,4
Tirana,2018,3,15,12.70340663574507,0.4910568075586984,0.5078500727175616,0
Elbasan,2021,4,4,6.240991059869143,0.8753267729822813,0.6882280421776911,2
Tirana,2022,10,11,23.38738555331599,0.7144975068062014,0.9790293594251391,1
Vlore,2019,12,16,20.905237280716197,0.24330299706830566,0.23595178919452675,0
Tirana,2024,11,15,8.831804076820038,0.7212420106978339,0.16852127608247813,1
Elbasan,2019,2,19,9.375595935702941,0.21682698913410087,0.3420188249778702,4
Vlore,2016,2,15,4.67237911970847,0.6552263261821838,0.16439902272030937,3
Shkoder,2022,12,18,10.23106648315986,0.3473379854048611,0.2841628057048742,1
Shkoder,2016,8,14,16.277062187180427,0.6875095463262904,0.742985323370604,3
Tirana,2024,8,11,12.837711156120033,0.4168456966534573,0.4775240359212872,3
Tirana,2020,10,20,24.354364738113297,0.8111044155688953,0.37504129449490187,1
Elbasan,2022,6,9,5.177683554537088,0.4358396856140223,0.3687240052757931,4
Elbasan,2020,5,21,16.42003333687922,0.6337870987830079,0.1945299749000532,2
Durres,2018,8,1,22.02449825064801,0.4001492917577918,0.44741145428699525,3
Elbasan,2018,4,6,14.095559160604175,0.8420550815995247,0.6246355586881762,0
Durres,2020,11,12,4.0622171317683335,0.7466971867197205,0.13915483451822375,2
Vlore,2018,4,2,9.098831496351778,0.3703120134412222,0.9728128614702146,3
Tirana,2022,5,14,10.799148489027289,0.8641576987910617,0.4432811764267336,4
Vlore,2023,1,0,24.285884385706712,0.4500103127033598,0.9479609167513947,0
Elbasan,2015,1,2,23.14723891861269,0.6563054633670312,0.13465892662418522,3
Vlore,2018,2,9,23.93258060726024,0.7199972617800774,0.7672159531726802,3
Vlore,2018,8,14,21.340927609956335,0.21603151302543863,0.6176380505435449,0
Vlore,2016,7,21,11.384602416391992,0.8712771423100723,0.8200641195433708,2
Elbasan,2020,10,5,23.02340486402021,0.4411089142611554,0.6006779229552052,3
Vlore,2017,9,19,24.615374624678026,0.33284522540185696,0.9628366332428061,1
Durres,2021,5,14,11.35149755777401,0.7954954542099486,0.6269318309298576,3
Elbasan,2019,2,23,9.471675285715428,0.6920294979763901,0.7846041253444681,0
Vlore,2018,7,20,15.485242148426648,0.2607202908363468,0.8775817725333673,1
Elbasan,2019,8,6,7.93019604457753,0.2819312069637387,0.7145834712104601,3
Shkoder,2022,12,20,4.685108649533984,0.7006343094575542,0.5242366565631603,2
Durres,2017,7,4,23.862454593433263,0.25234827917135877,0.2728170787634203,1
Vlore,2021,7,3,23.440553281269803,0.8420228045868454,0.8544926133956693,2
Shkoder,2020,12,21,7.415730929004543,0.7190780958633431,0.4805782526886784,0
Shkoder,2015,5,17,12.562545185524108,0.43484454417689217,0.6207082263350591,1
Elbasan,2021,2,2,21.451762578726395,0.4540571454577368,0.07922653788091982,4
Shkoder,2021,6,16,17.88100627523791,0.554547267342871,0.4973513231268498,3
Durres,2015,4,17,12.290537692584993,0.4526785895539781,0.698157644019845,2
Durres,2023,10,17,19.627590940839198,0.748427986006821,0.58407190993377,3
Tirana,2020,2,23,22.83799515241401,0.882315860871131,0.448554856045705,3
Durres,2016,12,23,23.44932494104323,0.6091650608067352,0.2234273167496692,3
Shkoder,2019,9,1,11.95584185036597,0.5122261293672703,0.30967020009015955,4
Durres,2018,7,12,7.644774281529196,0.355941898187752,0.7006243581623011,2
Elbasan,2021,6,21,23.169616022073477,0.6574033934734601,0.2241906988393989,3
Tirana,2022,12,14,5.943664363081593,0.679903803270778,0.6217266153088818,3
Shkoder,2015,5,4,19.15545621579144,0.6796334249100546,0.5897376125562032,4
Tirana,2019,3,2,6.9504436120768345,0.21888952510794463,0.9704174793868637,0
Shkoder,2017,12,4,12.177123948021535,0.8293854704623296,0.06078184248466989,0
Elbasan,2015,10,4,12.642670677445574,0.43667459440042367,0.10812260729606149,1
Tirana,2017,10,4,7.333916217353751,0.7209160337371263,0.506083465645757,2
Vlore,2020,4,2,23.37631011413885,0.7318648349702239,0.5271098253536346,3
Shkoder,2021,3,2,4.056031528195011,0.6553884851685676,0.03992765880517124,0
Vlore,2022,12,19,22.769979407549243,0.4764065662010045,0.8258554208594521,4
Tirana,2018,11,22,22.560415792985197,0.6258689517715679,0.49472349810289573,4
Vlore,2017,8,17,10.656236727658033,0.2281390838805136,0.34664374664052877,3
Vlore,2019,3,19,18.789969667464785,0.7333270545315345,0.31885377061487585,3
Tirana,2023,7,3,9.308987137264626,0.26971205382983726,0.8614071815541813,3
Elbasan,2020,7,0,19.934244807332707,0.4777256480597212,0.19673286642818033,0
Vlore,2023,7,15,15.783514577542611,0.2725331513654766,0.16041770543260925,1
Vlore,2020,7,7,10.304734539200826,0.7859521120733661,0.21317852922328318,3
Elbasan,2016,2,16,12.404929826390747,0.5852116754051715,0.6250225476519636,1
Vlore,2019,10,7,18.487663377006474,0.6836685841184906,0.8109308556284092,2
Vlore,2023,3,6,23.028046442519443,0.6778075188898292,0.33097869378817957,1
Vlore,2022,10,7,6.745256847912767,0.7891243621609532,0.1734619981148129,4
Durres,2021,9,20,15.9986433630523,0.2927985823415943,0.20919416762862053,0
Elbasan,2015,3,23,9.328313188599466,0.661809698283419,0.619183778517851,0
Vlore,2018,2,11,20.82881724738464,0.6025938380825602,0.2460352262142299,2
Elbasan,2021,9,15,5.474983423259102,0.22162798579992077,0.8772802313513668,1
Shkoder,2021,10,11,18.468071593594566,0.3409960361759618,0.10389135441431396,3
Shkoder,2020,9,18,7.6738662875116255,0.3873000789647546,0.0323685340055202,1
Vlore,2022,4,9,16.524093786467816,0.2507894628004163,0.08837824596090393,3
Elbasan,2020,12,6,21.549544331046533,0.448303864129161,0.8456431203863204,3
Elbasan,2024,9,11,19.85669390455527,0.21904175610083298,0.651229519665661,3
Elbasan,2017,3,19,19.811800641356385,0.5872284445804107,0.9577446331172503,4
Durres,2018,7,4,14.874751555925009,0.3480506724058511,0.3362965412697576,0
Shkoder,2017,7,15,22.705657428844148,0.400902173856439,0.21267812800969943,3
Elbasan,2015,11,8,16.350209163081956,0.8373301383198988,0.5619752393137492,4
Elbasan,2024,8,6,23.26787733954098,0.5519717943864677,0.5378282791267486,1
Durres,2019,10,19,15.47697161448077,0.38830975187109107,0.5910239881953218,1
Durres,2015,4,21,14.625276823420062,0.6189232307736463,0.3475338626603488,3
Elbasan,2015,3,13,8.669413403416604,0.34117000440724693,0.0058969400367867575,3
Tirana,2016,3,10,15.440519734634305,0.2520769800349294,0.03503165294061683,0
Elbasan,2018,12,6,6.952281456226837,0.21463444808018808,0.6638264614225129,1
Elbasan,2020,5,9,22.263494226450455,0.8660703317633793,0.5232580481554814,2
Durres,2022,11,8,18.193729662874162,0.7072275769001815,0.8210112596512735,2
Durres,2017,1,3,24.86634441835178,0.7599637038046676,0.30040985878679693,1
Elbasan,2015,10,15,5.934045983600985,0.8866424097251824,0.8154722372311751,3
Elbasan,2017,3,9,9.054127746751025,0.8521400923894076,0.4254914134515433,2
Elbasan,2017,6,18,22.420330689588923,0.7158392390462611,0.09669838554633725,0
Durres,2019,3,23,12.300336095147271,0.6857909488735235,0.9779115625906942,3
Elbasan,2018,5,16,13.79236278961985,0.4357949978547636,0.5119359291455199,3
Elbasan,2018,9,8,22.073689635139953,0.2728120762565715,0.6294785139623463,1
Vlore,2023,2,12,14.958287723948997,0.6016057838573032,0.6707971864895679,1
Tirana,2021,11,0,8.062992837701731,0.6033773065620145,0.36241225222688067,3
Shkoder,2018,2,1,22.7326324236054,0.8665660997910207,0.7475283198621373,3
Tirana,2017,12,12,4.652294784883703,0.5097995646631965,0.8702664653510171,3
Vlore,2020,6,23,22.803321620512307,0.6835653370142478,0.3871869764138588,4
Shkoder,2017,6,8,5.060924760119029,0.6024794391777053,0.6570008866315482,2
Elbasan,2020,11,6,17.982836656602693,0.3237321603707345,0.7571238239772095,4
Vlore,2023,11,15,5.505266973182028,0.6144450154284417,0.19012589768908128,1
Elbasan,2020,8,18,18.830472705266377,0.5780816965539741,0.33259608439596744,0
Durres,2018,12,6,4.713397747991968,0.5457341957365489,0.10879584638095485,3
Vlore,2019,11,5,21.69161228192654,0.5593960535539324,0.6022084642482034,0
Durres,2020,2,17,13.78482296952968,0.31479158037120936,0.8009376958208562,3
Vlore,2017,9,18,5.9625321660464365,0.5244344118614674,0.6108386565849336,3
Vlore,2022,2,10,18.84320834521302,0.6239572902751178,0.17978383097704398,3
Durres,2018,1,11,14.275093307579013,0.5426144390798775,0.5463684910261374,2
Shkoder,2022,10,9,8.0099260363843,0.5420803365883031,0.8349341485264097,0
Tirana,2024,2,12,4.329119851663242,0.25426239685509006,0.3027247960782191,0
Elbasan,2024,12,11,12.77796345423628,0.3335419064117038,0.8326515022526404,2
Vlore,2017,7,20,5.798213845299247,0.4246808849428505,0.784623283769988,3
Elbasan,2024,8,9,5.977563663191981,0.4935428957481346,0.02174080783667487,1
Durres,2021,5,19,9.613920515616215,0.615756210701023,0.23945481408550195,1
Elbasan,2023,6,17,17.239624242090912,0.8043415731661425,0.5429424057977258,3
Durres,2018,12,3,15.128122779779932,0.3114153166620578,0.7176173700192593,2
Elbasan,2022,1,23,5.448733473432293,0.21056162114748647,0.8805305256528292,0
Tirana,2017,6,4,24.337056793741866,0.5144659915431411,0.6410423182678943,3
Tirana,2021,12,4,22.63054245418641,0.5024720281881396,0.3803441712495391,3
Tirana,2017,8,11,9.443735230048324,0.5863308529466207,0.18462720673731536,4
Tirana,2021,3,2,6.569110095204966,0.7832552399600503,0.7600358554624315,3
Tirana,2024,11,7,23.790460159896796,0.7616523856877346,0.20678155932412012,0
Tirana,2024,1,21,13.683977335494697,0.27003029910100784,0.6954305214682498,1
Durres,2020,11,1,10.534506260200152,0.8537967566736715,0.1812116173712074,0
Vlore,2016,4,17,14.297518738468936,0.2772900762721113,0.09105385030946445,3
Elbasan,2017,1,8,20.227627035474654,0.6441993559739653,0.2511002237065345,1
Tirana,2020,8,12,7.536091264364144,0.670684405516903,0.28492980552511427,0
Durres,2018,5,6,20.11741250369545,0.6759142410561617,0.64720913449491,2
Durres,2020,1,9,19.738382546611174,0.38574582017277365,0.1608833677420589,1
Durres,2015,8,8,15.326312301658476,0.4312415642354943,0.9303069129868882,1
Vlore,2024,9,21,22.182688063741214,0.5840738126045778,0.5543616863422735,4
Elbasan,2015,10,14,6.775010941567071,0.33971124706006883,0.49093173081646546,1
Vlore,2017,2,4,16.505059139979135,0.21421732748334588,0.4346945143083677,2
Shkoder,2022,9,11,13.436204102538253,0.5935011181560029,0.566601346950191,1
Durres,2022,8,0,12.868134369552465,0.5256950004084051,0.022446967161782294,4
Shkoder,2018,7,11,9.303782496660034,0.6597118443564234,0.9900863745790824,4
Tirana,2020,3,21,11.81787279300807,0.30269040308356193,0.557524376194266,1
Tirana,2022,2,5,6.271165876496981,0.788647426212896,0.03519500214017779,3
Vlore,2021,7,18,9.283578365061329,0.3023550419223691,0.5899776046995998,1
Elbasan,2021,5,18,9.711267263339735,0.8239405234160164,0.4370787582896788,3
Shkoder,2018,6,15,19.134025216662927,0.5146648208169922,0.02403769666640887,0
Elbasan,2023,4,18,5.019558971386126,0.5848636815608863,0.924428752157473,3
Vlore,2024,2,2,17.675038471168072,0.8276069351747921,0.01056687207381335,4
Tirana,2020,9,22,8.649608105656988,0.4099391339339469,0.5778716768778214,0
Elbasan,2017,3,9,5.719091624242172,0.32727889736880605,0.961790747626224,1
Elbasan,2019,12,17,10.316929382794116,0.5120261345736175,0.237604496983026,2
Tirana,2019,7,12,8.713930258000659,0.37105705996939475,0.25417907424359665,3
Shkoder,2019,8,17,15.59267989263685,0.5694907380782219,0.0004231285601523638,2
Tirana,2022,2,2,11.50490447240721,0.3926805051110215,0.0663511719879809,2
Elbasan,2023,6,22,24.28586859057485,0.8051426749168198,0.044888411577088116,1
Shkoder,2023,11,2,24.23454158720786,0.6251272145804081,0.8226562836884255,3
Shkoder,2020,8,22,13.31802065152503,0.2001684688200316,0.836737569944919,3
Tirana,2020,7,11,20.69683667386545,0.7638316142758772,0.7267000841845227,2
Elbasan,2023,11,19,4.278639358078376,0.43114863570830214,0.3527450125170921,3
Vlore,2018,3,6,15.504043279220856,0.42414558890847,0.8212544498888422,3
Elbasan,2020,1,23,19.60928261844656,0.46814396849412715,0.539774520242882,3
Durres,2018,6,7,8.555807733554055,0.6411837696588565,0.30431027647992326,2
Vlore,2015,8,8,5.284606858484819,0.5094424972759561,0.4372767691143904,3
Shkoder,2021,6,13,7.274297654035574,0.6400448825987917,0.06576776983457566,2
Vlore,2024,5,4,13.278809830650998,0.30274650514505463,0.9449086867499137,4
Shkoder,2020,11,20,14.6337998358815,0.8791151251668601,0.6191164173518401,1
Shkoder,2023,12,18,11.998587564284136,0.7107244009587046,0.7312341449305728,0
Vlore,2021,8,20,13.23944910788998,0.3751449750248681,0.6765833704198766,0
Shkoder,2021,2,15,13.874934151794907,0.7069189356523431,0.6677499845209807,3
Shkoder,2016,12,23,20.158169893623022,0.6025178193831475,0.01726098549724009,3
Durres,2023,1,11,6.2100798596307,0.27643229748246023,0.5253712797848467,3
Elbasan,2024,1,20,20.147959810347317,0.3247374987516883,0.8217102286255341,0
Elbasan,2023,4,3,18.46117334819496,0.22891569934502537,0.04451885141159995,2
Durres,2020,6,7,19.57487699900268,0.7664666501722768,0.9561656838882706,4
Vlore,2017,9,6,19.42383610338178,0.5861933268166645,0.42415968300598916,4
Tirana,2015,1,14,13.882428131837457,0.42172405405514835,0.2898954920513712,3
Tirana,2018,12,5,8.4394038757789,0.28844143141974005,0.5318213616419428,2
Tirana,2017,1,4,15.269206990337883,0.5388321131722654,0.8012141878430362,3
Durres,2015,5,13,24.11762312579109,0.5676829427025571,0.4747550617686376,2
Durres,2017,10,20,16.359039309260638,0.6913639506863537,0.6451056765863918,3
Shkoder,2018,5,12,4.23199004946833,0.8789560473129641,0.49991438786685993,4
Tirana,2022,5,9,5.253929002404203,0.5044618712851623,0.6312722566411592,1
Vlore,2023,10,17,24.8501321056746,0.4842239446160585,0.13803091519663657,3
Vlore,2017,6,3,5.510873544028248,0.45895100321308574,0.038663386178099945,1
Tirana,2020,8,7,4.96694836094287,0.7788467362768028,0.13690140569739273,2
Tirana,2024,3,23,11.413509656531764,0.3094220549794665,0.28583814466392876,0
Tirana,2019,9,10,24.35566126865607,0.4406690325445626,0.2533560624481068,2
Durres,2020,1,16,10.69217822839018,0.7074795634127735,0.6151753496606469,2
Durres,2018,4,17,12.607566748380684,0.21098645473971256,0.45588942413424094,1
Durres,2024,9,20,17.315618285379877,0.4025665065239863,0.03881198102684702,1
Elbasan,2020,8,10,4.506348625854354,0.6490130139282968,0.034865906317025575,2
Vlore,2021,10,15,22.85303512790295,0.3301664686005633,0.09058800212066576,1
Vlore,2023,9,11,14.908303368643075,0.4118973983869898,0.353081157400866,4
Shkoder,2024,1,12,13.803029026085216,0.5402315521382604,0.00618295096372945,0
Durres,2021,9,15,22.075259906339237,0.495416496178781,0.4939872654301404,3
Elbasan,2020,3,22,24.014608376518446,0.2742190329687652,0.3606696643093027,1
Elbasan,2015,11,20,12.89192986458353,0.8567647255789428,0.5554413024408263,4
Vlore,2016,12,0,7.621262665157845,0.23100490440746496,0.7208252280828008,3
Durres,2015,10,15,21.12989467004353,0.7248199294959725,0.2509728154798544,0
Shkoder,2023,9,14,12.46846884567223,0.24999593976381024,0.1570836476289097,3
Durres,2024,1,5,23.64645632974709,0.5271070621175555,0.27805355596338754,1
Tirana,2024,1,11,23.94787866045064,0.3227879041587877,0.0017631819519055014,4
Durres,2023,9,7,6.411409666148759,0.2987684575002477,0.12001295552578073,0
Tirana,2021,11,6,24.087633313989876,0.28812858357920756,0.7508303636863344,0
Tirana,2016,6,1,11.73367683434754,0.5169506456867397,0.22280684240028514,4
Shkoder,2020,4,11,17.571302870801,0.5608394365711046,0.9942996338040386,3
Vlore,2018,7,20,4.729751716414967,0.29336914547998794,0.16783152136480917,1
Durres,2015,5,13,22.666569755760484,0.8855770111863677,0.7887717155654934,0
Tirana,2015,10,15,17.473543916242164,0.38043612080355615,0.7050444718255345,2
Durres,2019,7,10,17.514643806084802,0.5211889377219482,0.32213214281630764,0
Vlore,2016,8,19,22.94569935952716,0.35138869032133563,0.33073914356596523,2
Vlore,2018,8,8,14.675290673054207,0.5457458518146818,0.5635515809671046,4
Elbasan,2015,1,9,12.620849447613562,0.7292116077256274,0.8523740974825584,4
Vlore,2018,8,16,22.18870379813864,0.5647714100061466,0.3861869441194644,1
Shkoder,2020,6,11,19.590830749299364,0.39995420950263866,0.06117988091840654,3
Tirana,2024,4,5,23.92848896426292,0.37387762611375663,0.37441917690229676,0
Elbasan,2018,12,18,23.742559759521185,0.7312540843589375,0.20731267324274139,0
Shkoder,2015,8,10,12.028849455765046,0.2827667230083843,0.9392070170650174,4
Durres,2021,3,8,13.386712092969775,0.45897654608410865,0.6972743463759475,0
Tirana,2016,4,20,9.375684029606347,0.30603790165771977,0.050832664213348644,4
Vlore,2023,6,5,17.87360567190992,0.3805830805061373,0.29298853726260643,4
Tirana,2017,11,23,11.655381371866618,0.30687826273946656,0.05021596492080693,2
Durres,2022,7,15,20.508113578761094,0.8207407559796986,0.830016670374786,1
Elbasan,2022,4,19,6.552565975349121,0.7123329393091222,0.9062964019071609,4
Elbasan,2017,4,15,6.444459874480664,0.592649072230983,0.11227960583907437,1
Elbasan,2018,7,5,8.293563009807336,0.35709765574687313,0.44029004600869615,2
Vlore,2016,6,4,5.770135957185683,0.5571587790394363,0.9318832818364259,1
Shkoder,2018,11,20,17.02066376124293,0.5645832445133007,0.14521168671467055,3
Shkoder,2023,8,3,7.094408086351511,0.6132826079577343,0.2919035906563149,2
Tirana,2016,1,1,7.359221266820739,0.24205961005591203,0.30427465017265587,3
Vlore,2017,10,5,4.298792698312486,0.8810313798376943,0.030058312201998505,3
Elbasan,2018,11,8,20.423890307095807,0.5258072794202262,0.03627323468999066,1
Elbasan,2019,7,16,21.0582171638931,0.8485722418693722,0.9527928270829129,2
Durres,2015,12,13,7.402470743653234,0.20686568029978347,0.571092608986254,3
Durres,2021,7,6,19.530013119611716,0.37329087694471624,0.30664832142861786,0
Elbasan,2024,11,21,13.104447586304552,0.2727968992193349,0.3786746607065845,4
Elbasan,2021,7,18,9.031492542273218,0.7387313241483402,0.7148429288450242,1
Vlore,2023,7,0,17.049076769550407,0.42408753471629784,0.36651720355462036,3
Shkoder,2018,10,19,7.748165561288781,0.7883447558910228,0.22776040309328827,4
Durres,2020,10,14,19.894555760713743,0.7826697560010998,0.1018373415997994,0
Shkoder,2016,8,17,4.999919778981585,0.6674563549645989,0.7289330117180371,2
Vlore,2018,9,2,24.141749591486203,0.6660472624807839,0.18056501667522473,1
Elbasan,2016,9,17,5.5093803278811135,0.6901117844511945,0.06964826992629758,4
Shkoder,2024,2,1,16.168416804222485,0.6716346842408422,0.426954445496477,1
Elbasan,2019,7,9,22.94608009256995,0.47083585037904435,0.03957096181135378,3
Elbasan,2021,7,10,4.249993845804857,0.6779793511979821,0.9649980583428868,2
Tirana,2015,4,23,14.468803680770199,0.828184878434651,0.6272929675748398,0
Shkoder,2024,9,2,11.35014625052428,0.43280144431363654,0.1526968104465608,0
Shkoder,2024,8,6,16.18697599541609,0.8614223183504675,0.17245408644846083,2
Elbasan,2021,12,7,8.734605121490834,0.2095071115291388,0.5698284802728454,0
Vlore,2024,1,18,5.362883561866219,0.444357776785666,0.3565657573377936,0
Tirana,2020,2,17,17.144593773822848,0.29246888121011816,0.7742667441877137,3
Elbasan,2020,2,12,12.753834029361451,0.2886338803315166,0.5458064856189166,2
Durres,2022,12,12,17.072196312830826,0.7708006458080978,0.4333338755249413,1
Durres,2022,12,23,8.421322083594701,0.842857820325086,0.9629802480652716,0
Tirana,2020,11,18,11.113566522023119,0.7444307779630899,0.390729056209689,4
Vlore,2017,8,22,15.795309176656817,0.8836310032947918,0.40061092379734353,3
Elbasan,2019,1,11,16.455368344819274,0.3514302791163895,0.665772421060789,2
Shkoder,2016,4,16,11.81861096325957,0.2985599385467833,0.8094785841221682,2
Tirana,2019,10,21,9.881117317947686,0.5644926474277294,0.6262149908585453,3
Vlore,2023,12,11,9.747713219260513,0.7803263303198325,0.6986102220544285,3
Shkoder,2024,5,12,7.668686379838867,0.2278873635866418,0.37293156856661114,4
Durres,2015,9,11,10.83350420892133,0.8968959626999173,0.4794968364782597,0
Durres,2024,7,18,8.18824707727762,0.6215721504437259,0.1970350864679633,0
Shkoder,2019,8,13,17.31012353082884,0.8852592685269642,0.6802464906985235,0
Tirana,2020,11,6,15.950406963083882,0.4555571432636439,0.22145194042670946,1
Durres,2021,9,12,12.034365297089321,0.5206166743735124,0.001256795393811183,0
Elbasan,2023,7,5,10.842430418685284,0.7266530096781745,0.9337621198067512,1
Shkoder,2020,5,23,8.989898204087492,0.754890315392923,0.3060152412145538,0
Shkoder,2019,5,18,15.244624488146165,0.3631231373451682,0.1966320424660023,0
Durres,2021,10,18,23.296958051259455,0.8508607604154059,0.2681467309657759,3
Tirana,2015,11,3,18.39976407916768,0.8071961852843099,0.33044769761864756,1
Elbasan,2019,6,18,19.632708994746913,0.212743712172239,0.4745464264481737,1
Tirana,2016,5,8,21.521935136784563,0.28999767409862814,0.06935167101859663,0
Vlore,2018,12,15,11.384334440094824,0.5472679744849471,0.05267315620545088,3
Vlore,2021,11,3,5.3203914244042405,0.522668859879228,0.2929107655380726,0
Durres,2019,9,5,17.07373486975453,0.6958735985243847,0.2957661311970958,3
Durres,2020,3,7,7.962118115788686,0.26279796323712384,0.11764622781423506,0
Durres,2016,3,23,15.94991664990899,0.6513987146879885,0.40479159432053424,1
Vlore,2017,7,15,19.52971489629836,0.6314589517942076,0.2840286682027823,1
Tirana,2021,7,4,20.45640434510457,0.36353371893463104,0.026055552795070103,3
Tirana,2016,6,20,10.338621525197825,0.5796757749878796,0.8857207804211108,4
Durres,2020,3,21,14.76109788395562,0.35554504489718736,0.8860190180435904,4
Elbasan,2019,7,9,17.040267021821037,0.30284611897042446,0.20918225291347403,0
Tirana,2024,5,22,21.20909515571306,0.6011944542578493,0.16287222816434788,0
Vlore,2015,7,12,19.989161967203895,0.8842319948103992,0.5472927643469817,4
Shkoder,2024,2,13,24.747481740524776,0.36585334442022155,0.6307535029814308,2
Shkoder,2018,6,6,4.1697782071302285,0.44873530454860633,0.9575425574470728,0
Shkoder,2016,8,19,13.187278258125794,0.3796012581930327,0.37734845663981254,1
Elbasan,2018,1,5,9.376934213898686,0.3865218751525463,0.6182003428645584,3
Durres,2015,4,6,6.5177611300423415,0.48293449393067645,0.8781810458043096,1
Vlore,2016,11,4,23.141821891510876,0.6912988574554341,0.44995378578085,0
Elbasan,2022,1,20,24.95720338800941,0.2271631668216616,0.12234575115732604,2
Vlore,2020,1,17,7.792520365999197,0.869986936979892,0.3774472858299742,3
Vlore,2016,10,22,4.807101248828635,0.23239591564247325,0.1365669267033004,0
Durres,2020,12,11,9.776143401290508,0.8168772273611917,0.016639464201950283,0
Shkoder,2024,11,5,21.53210027939431,0.8260646691333993,0.7515530563490262,0
Durres,2023,8,0,10.171691747185651,0.5671424313140663,0.23842370049535555,1
Elbasan,2021,7,3,5.194931090450053,0.2958977800332772,0.002007045838974042,3
Elbasan,2023,12,18,5.102335863013628,0.5956021793898607,0.872432357535145,3
Elbasan,2019,10,11,12.975878849758164,0.6400425119319948,0.4437888384909059,2
Durres,2021,1,14,23.568340184294012,0.8004312704649779,0.2388598796332252,2
Vlore,2021,11,2,10.004329274432271,0.5856267630386988,0.26278997235541923,3
Vlore,2017,2,22,12.970311294721919,0.48749657713233674,0.24053789330505027,3
Tirana,2021,4,19,6.14060991303478,0.7868038356978797,0.194556161189272,4
Elbasan,2015,1,7,14.365028658648603,0.8866662581468332,0.8412262245742964,3
Vlore,2023,3,10,18.627488349999783,0.6515722436105533,0.17033163436986953,1
Tirana,2024,8,15,9.694157584721612,0.8120709261119667,0.5618546838793986,0
Vlore,2020,8,8,10.23093747910238,0.6191145789803449,0.07732024467218734,2
Elbasan,2019,8,2,21.681475533531696,0.682851593987214,0.9495213761786002,3
Shkoder,2021,6,4,4.217638169290719,0.6817169822842432,0.6033139044459218,1
Elbasan,2019,6,19,17.365884879552038,0.6933508907881857,0.9031525112022932,3
Durres,2024,5,13,12.271577333773957,0.42470941075004354,0.3978777794754952,0
Vlore,2019,9,14,10.265990784790848,0.6029629773901986,0.8106720567624114,3
Vlore,2024,4,5,17.80947047712142,0.6158949087816568,0.8536544794493112,1
Durres,2021,10,3,21.52803895758381,0.4205501386992624,0.7029492911786699,1
Durres,2024,12,7,15.726234442902147,0.44489665739256457,0.09294746645370633,0
Shkoder,2021,12,18,4.652987060804176,0.7335727355117003,0.01608008640590597,0
Vlore,2017,12,4,13.689425007337098,0.6079066884320744,0.1685596720562218,1
Vlore,2017,7,12,13.717958758773435,0.304447803574218,0.11809675696667843,1
Shkoder,2024,1,15,15.419768390896765,0.7863458920780106,0.7251376641998437,2
Tirana,2017,9,0,18.0901369219146,0.8181800009520237,0.5570068206893427,4
Shkoder,2020,7,12,4.40568647422115,0.5262988035704699,0.5259508645456058,0
Elbasan,2020,10,21,14.54226511239476,0.3462352024160489,0.25286730032814053,3
Vlore,2017,12,10,16.354463156992406,0.8633245467834336,0.15460753673704164,3
Durres,2017,9,20,11.210421114737091,0.8175886951637035,0.2065479697688959,2
Elbasan,2022,7,7,18.035669758399095,0.37106722243928697,0.40027700741448013,0
Vlore,2022,2,7,8.791732059712594,0.2669156154118882,0.7401432067609529,3
Shkoder,2021,6,23,10.664818994416484,0.5084575252843747,0.25451661653646995,3
Elbasan,2024,10,13,24.217862295910844,0.6734778905456177,0.6986130012587202,0
Vlore,2018,12,12,11.309477788083942,0.32277200965396086,0.4915118204048434,3
Tirana,2018,11,2,11.276518634680645,0.5592488609022236,0.885440848510793,3
Tirana,2017,4,3,16.509293352285418,0.4977908459907617,0.2329145608890334,4
Durres,2019,3,19,24.390481927061263,0.8233858041386259,0.4508566826176089,0
Vlore,2017,2,14,24.644689365013008,0.50069664296499,0.09666476716567107,3
Tirana,2022,6,14,16.172817237202636,0.5736434756145263,0.33515314262232065,2
Shkoder,2021,8,20,4.022827415903583,0.8687003372012756,0.506880444032203,1
Vlore,2017,6,12,22.913787566136392,0.4097842361121952,0.7327402143357924,2
Shkoder,2023,9,8,15.97499725611801,0.402293652359359,0.19807712005863176,3
Shkoder,2019,5,9,11.685924574088652,0.7597165559594299,0.21809212840646586,1
Tirana,2023,2,11,21.413097961334703,0.39427729030077807,0.6315778405210494,0
Vlore,2021,8,13,12.396481646354307,0.7823061090512435,0.3824577834543116,0
Elbasan,2021,9,0,4.714934630205558,0.2668749265531515,0.48209486723234785,2
Tirana,2020,10,13,21.242516684197394,0.2778828731166279,0.8361348687787407,1
Tirana,2016,4,13,15.463047421415007,0.8309263619139402,0.49908330106452514,2
Vlore,2023,6,7,11.10101430270812,0.5785685977377046,0.6524993806091711,4
Vlore,2020,11,15,9.268739903430875,0.7031699866859671,0.6567750416599722,2
Shkoder,2022,10,13,16.469746647723937,0.357702224303781,0.8036119429560182,1
Vlore,2015,8,0,8.369040512727103,0.3163920578674758,0.6381394884910242,2
Shkoder,2019,9,15,10.800868617697068,0.7844679835628481,0.06480982565386251,0
Tirana,2015,12,17,17.367136497693657,0.4510363849162742,0.34217298268684015,0
Durres,2024,5,6,22.512433458524573,0.5185228333853962,0.98931618350921,3
Elbasan,2022,12,14,15.190696896223574,0.2195803280927513,0.19651028880791876,3
Tirana,2022,6,23,19.941234364280945,0.4701165139350765,0.5867290784146886,1
Vlore,2015,11,16,20.02427267902388,0.7393064656874848,0.8429406398772615,2
Elbasan,2023,4,18,17.95143300584712,0.7748926241003185,0.586558560747354,3
Durres,2016,5,22,9.162605091290871,0.6891283522177792,0.37227025812667724,0
Durres,2023,7,12,22.20256056115508,0.6845258134806196,0.08022856271770573,3
Shkoder,2015,9,8,13.161788768430897,0.5543674866180105,0.36166490253609496,1
Elbasan,2024,10,23,4.928425622649712,0.5768305304818762,0.18206751157428958,3
Shkoder,2023,11,23,9.136866071460027,0.7198422227692005,0.96086281628198,2
Tirana,2018,6,14,20.076515436085632,0.373111259179406,0.7150318415582864,2
Elbasan,2023,6,2,5.451800052167277,0.3620619477722392,0.7493831543598622,0
Tirana,2021,8,23,7.094652445253136,0.8649473767398381,0.4359692660003781,3
Shkoder,2020,11,0,18.578763136875793,0.21938292073114277,0.10996482813170616,0
Elbasan,2019,4,15,22.74461658427835,0.2976258245656271,0.266716486167321,1
Shkoder,2023,3,7,17.308372106210374,0.5992326983408736,0.25971110406633013,1
Elbasan,2016,7,22,8.668112130420646,0.716484387088844,0.48677935080154366,1
Shkoder,2016,5,12,5.121689028240521,0.5765237580895082,0.46097978669335715,1
Durres,2023,2,7,16.917658233556544,0.4485447973154189,0.4334082173718403,3
Shkoder,2017,2,16,4.995370136554444,0.8845832835470773,0.495977466692741,3
Durres,2022,11,21,16.8671630907769,0.692696879592992,0.987023081981475,1
Shkoder,2023,6,22,8.737178827382996,0.7819735887469552,0.29835363065288334,1
Elbasan,2022,8,13,22.997777310585423,0.22817281193174285,0.6152691603435876,2
Elbasan,2018,1,20,13.9769460382346,0.36514407733136856,0.23950774404030484,2
Elbasan,2015,11,20,8.702707099503609,0.4619197655141061,0.46660626592618204,0
Vlore,2018,6,6,21.916051647730423,0.32782097865759463,0.2000492331463749,3
Tirana,2023,12,14,9.334743367397675,0.25102949089640303,0.5581922352997577,2
Elbasan,2016,2,15,10.438580607022384,0.35756416521627615,0.2650117864836675,4
Durres,2017,2,18,21.51983588016457,0.5735449418659297,0.03678891671883078,0
Elbasan,2024,7,5,10.484632625812516,0.6870216738496937,0.81527109147282,0
Vlore,2022,10,22,12.613439153843384,0.7418146460755566,0.1282551121204175,3
Durres,2020,1,0,11.300979085936198,0.23005530840740196,0.3680387991169056,3
Vlore,2022,6,11,6.444406674437893,0.4995903205488138,0.4771776091112029,0
Durres,2021,7,17,4.816812057183349,0.28554810850975715,0.43248000042192736,4
Shkoder,2019,8,15,19.215354155280608,0.5018402705112703,0.725665763690009,1
Tirana,2023,7,11,17.547879602650134,0.5037830943842065,0.5967765959309443,1
Tirana,2018,6,19,9.9296874185932,0.5487481806985706,0.29537118270748597,2
Vlore,2020,9,12,10.207581624682447,0.8249814383842675,0.05170299984067017,0
Tirana,2016,3,7,23.845121443182308,0.7635668518368626,0.7675951182531763,4
Vlore,2016,11,21,24.741093671903336,0.6457045915954742,0.3525271266784217,0
Vlore,2016,6,0,13.942132967907565,0.8197851260534714,0.8897247409999692,4
Vlore,2024,4,20,20.851486655111366,0.6749280315532362,0.3950567736032504,1
Tirana,2021,2,6,19.470403393256674,0.7731984725341525,0.7176586061377073,0
Vlore,2016,1,14,10.243671899752986,0.5946448106888886,0.9395647032346792,0
Tirana,2016,12,21,5.229816920930045,0.5676527761416305,0.6511524506354798,0
Vlore,2023,12,12,6.99368139983374,0.7068680699406693,0.4134889133975048,3
Elbasan,2021,1,12,21.60417645701603,0.21378251838302575,0.5673992687859428,0
Vlore,2017,11,8,19.355490219921904,0.6832643001419965,0.5434451885418926,1
Durres,2017,10,23,17.951031733707836,0.8541627528830553,0.5848200366533628,1
Vlore,2021,3,14,6.743625465629615,0.6997594558787279,0.1468199856413458,3
Shkoder,2019,4,3,17.43854443646102,0.22575560700805297,0.69850988240131,0
Vlore,2024,2,12,20.215198961355426,0.4645199485409067,0.14504327166918718,2
Durres,2020,12,11,22.072636747066102,0.7667069115899003,0.014616884317613987,0
Durres,2022,11,4,4.277856863065983,0.871025985031094,0.6247801006840635,0
Tirana,2023,11,6,18.37397713944803,0.4591143489454641,0.1169135721755914,2
Elbasan,2015,11,7,4.401050767667293,0.7888358391138357,0.7704116367112732,0
Vlore,2017,1,4,18.844329756412208,0.8046669127110591,0.8659659535008205,3
Tirana,2021,4,8,17.3480486593721,0.286300479528235,0.9447367902839263,0
Elbasan,2020,7,13,7.115305121298423,0.7920519267030812,0.6644769629063916,0
Vlore,2021,10,11,20.088556778247735,0.42697492694703054,0.48201489289230415,3
Shkoder,2022,11,3,5.435299981983514,0.6152664050957921,0.3522810807057991,0
Vlore,2020,6,19,21.354374248637303,0.5772734835494947,0.4909250939863308,0
Durres,2017,6,7,9.500514141812808,0.6641377046152844,0.1903522283603135,1
Durres,2016,11,16,18.465889108313966,0.7183252556613111,0.34842264778909304,1
Shkoder,2021,9,7,23.397476161459277,0.5086167683330061,0.7179305248344978,2
Tirana,2015,2,20,11.136367518142428,0.8218175755043926,0.21742297113421316,0
Elbasan,2017,4,0,14.560775636748803,0.7666488950930928,0.264067135673665,3
Vlore,2018,5,19,13.725478712959458,0.7497947648535017,0.7493282557078487,0
Durres,2015,1,1,7.309838330320231,0.5207727893540042,0.1778359358272208,1
Tirana,2019,8,3,16.396552220305995,0.22630102009122713,0.24588758647337772,0
Shkoder,2024,8,23,19.60304028893991,0.544579484465261,0.017547562822650353,2
Durres,2017,6,20,23.254371407400203,0.828911873900928,0.7200515995351068,3
Shkoder,2016,12,0,21.86685463463977,0.3333151089252632,0.6179035655664339,4
Vlore,2017,5,6,14.710406974288665,0.8878147304074115,0.6943854525115413,4
Elbasan,2022,8,0,19.09936024475063,0.76538343400922,0.21432776195331316,3
Durres,2020,3,8,20.81645168085175,0.6968808545974453,0.6873763907278714,1
Durres,2021,3,2,14.363262988505324,0.6740119705456245,0.5963766176932567,3
Vlore,2020,2,11,6.423978774789623,0.6109181173536338,0.3661229792220033,2
Tirana,2020,5,18,13.196546040794788,0.7044692262743923,0.4378258116344047,3
Elbasan,2017,3,14,21.69203880223286,0.4953338893535243,0.5679205032734082,3
Durres,2022,3,21,16.529469513268435,0.7917016756140907,0.4932921760875567,3
Elbasan,2021,6,15,19.21362591719612,0.6874421692666965,0.6418280659693711,4
Durres,2021,8,9,7.890628465204339,0.7398771786656844,0.18097957760599515,1
Elbasan,2020,2,21,24.25109313243112,0.7547411955161856,0.5407099549161969,3
Shkoder,2019,4,5,12.485691119359497,0.26444903199623176,0.4502794828645408,2
Durres,2024,11,16,17.726345977072306,0.23894854088141657,0.46102049401399825,3
Elbasan,2022,7,20,4.396317346402711,0.7606901079393151,0.4693820505825953,3
Tirana,2019,1,21,6.673704507361117,0.38156881472677234,0.8814719638223172,1
Shkoder,2023,1,23,20.422719667583298,0.6073788652582699,0.8186274411366156,3
Shkoder,2023,12,16,24.327358355925348,0.5105975986532904,0.6295699611705368,2
Tirana,2015,10,20,10.721162456165043,0.21542744256734397,0.7164869356023688,0
Elbasan,2020,7,18,4.780795433766562,0.22819688071639005,0.042802636068106636,3
Vlore,2021,7,17,11.578198641582889,0.778987669595157,0.7439917193796687,0
Tirana,2017,1,10,4.366830735859055,0.6253742930421067,0.4861646884536487,4
Elbasan,2021,1,23,8.039834937511852,0.5666901551157915,0.3177475645481276,1
Tirana,2021,4,6,19.801912316128508,0.8610464584302251,0.13977696593814293,3
Tirana,2016,5,9,23.67885636023642,0.32118051815019144,0.0752087903519918,1
Durres,2021,5,6,5.8364307717466195,0.38057958776115897,0.044885685496723116,4
Elbasan,2015,4,4,15.715916355020694,0.7297173547649392,0.16179617489024078,3
Vlore,2019,8,11,9.33149776860467,0.7426646595705506,0.030143794797741652,0
Durres,2023,7,15,6.92024164167252,0.4834280375074151,0.732642242442521,3
Tirana,2021,9,20,8.598584827722707,0.865684904250632,0.2486141190217397,0
Tirana,2021,7,17,16.133024417451857,0.8567782044006194,0.36874042693200915,2
Tirana,2016,10,2,5.3678245303231815,0.2086868005421117,0.8227162138158829,3
Elbasan,2022,1,19,13.118590519536768,0.32062953163850755,0.11465749652459067,3
Elbasan,2017,7,14,6.839784870058441,0.7741536091787098,0.8355940302362127,0
Durres,2022,1,4,9.726218100284111,0.4346516793782058,0.6395403505502881,0
Vlore,2017,7,12,8.005840924608542,0.26682387508987987,0.34202951460460307,2
Durres,2024,10,18,22.54248549644884,0.7494994220965085,0.11780721306768427,2
Shkoder,2021,8,11,18.86823794829708,0.5182084539026466,0.09149269734091248,3
Tirana,2016,11,22,22.23771415789688,0.5446875507007602,0.3355143460793206,0
Tirana,2018,9,20,12.052719525501542,0.3304585721713199,0.14034197271804583,3
Tirana,2020,12,4,10.581680661927072,0.6626265377572494,0.2677102964752748,4
Durres,2023,3,5,11.992331092853108,0.5858689226858323,0.05295580045132453,0
Durres,2019,4,6,4.389512110212557,0.3446710564523531,0.5950084216966989,3
Tirana,2023,4,9,19.21878977811972,0.43823205590744474,0.1452761169538045,3
Durres,2019,12,15,11.345221594796644,0.6178155011353204,0.756732313125627,3
Elbasan,2024,9,7,10.579799875112625,0.847410578803387,0.2181749762779721,3
Elbasan,2022,7,8,16.56096237278119,0.8442634452250442,0.7979765793381859,2
Durres,2015,3,3,13.161248145906145,0.4015341330782381,0.18988198622586772,1
Tirana,2021,10,20,24.59771073270187,0.7149346844319193,0.7213665637012986,0
Durres,2018,5,20,11.481313900874827,0.7428633563666667,0.3330746796251973,2
Durres,2019,7,7,16.89181268636618,0.7661761699879563,0.5831199948890083,1
Durres,2020,8,6,10.544673112802688,0.599533599326036,0.03866181432173843,0
Shkoder,2019,1,14,24.80249458442379,0.20735559866971148,0.49524443435425747,3
Elbasan,2015,12,20,13.347331729122692,0.733173399812374,0.14868789470206323,3
Vlore,2023,2,2,17.31670502820286,0.27461821488054505,0.48632022724902646,1
Vlore,2016,7,16,6.661155090006218,0.2818099703542813,0.1413591308861497,1
Shkoder,2023,11,10,19.39350851213682,0.6239373618523069,0.43708912013937085,3
Durres,2024,2,8,9.653411215388061,0.8884643647177111,0.11062082023228836,3
Shkoder,2016,7,4,13.42087830942311,0.3697776312860599,0.21995151773429578,1
Shkoder,2023,9,9,22.545794308876616,0.6520676160358453,0.5950789355038547,0
Tirana,2020,11,14,24.38160281258713,0.4125575520163207,0.9766606372101422,1
Elbasan,2023,2,13,12.916014138647498,0.8291082795273708,0.44918476839197197,3
Vlore,2020,7,3,21.530856027044496,0.6154618244797048,0.6871736926095025,4
Durres,2020,4,20,5.120328885547076,0.3452341293595296,0.5394246710443752,1
Vlore,2016,11,19,21.799054625595513,0.3834917353117998,0.49835793429443775,3
Vlore,2022,2,1,17.219716765205643,0.5027365112926847,0.06470419683985118,2
Elbasan,2017,7,11,14.262829536223641,0.2854304934208689,0.14429740227527943,3
Vlore,2021,5,0,22.689237807882204,0.25511335778443717,0.8830577292325673,0
Vlore,2019,1,23,21.75208167263469,0.6760429770235692,0.4101643150418033,2
Shkoder,2017,5,19,10.235847015025012,0.4850155434623842,0.614332476584791,0
Elbasan,2015,12,4,20.62125602923991,0.7083580543091939,0.5282332327149584,2
Tirana,2022,12,5,6.089309606909825,0.2770407403063351,0.3788823795512348,3
Durres,2017,3,23,21.27804264481477,0.626905883530767,0.3878165426109311,1
Vlore,2016,7,10,18.18456797848826,0.5103147553588183,0.5554650059086728,0
Durres,2015,6,7,5.845192949570798,0.24059905811992,0.14114180147574362,1
Tirana,2018,8,6,18.344683642956845,0.5813613847931838,0.38725904025443403,3
Durres,2022,5,3,16.190904810203776,0.25796299230018205,0.4469755694027391,0
Tirana,2017,2,5,16.48555212404594,0.7794038234537057,0.9851262236761242,0
Shkoder,2015,9,15,10.10814263772367,0.6423702257730202,0.3514547692857177,0
Vlore,2018,11,19,9.596441200269751,0.5898772736323139,0.6445788958808689,0
Tirana,2023,8,14,20.01323735313442,0.29342830312876134,0.13741549982646817,0
Durres,2015,6,13,9.393083101362022,0.4012199794528581,0.06548138183021912,4
Vlore,2016,10,22,13.371507288007871,0.5450131279947095,0.8715420140012303,3
Shkoder,2023,7,11,18.59056897057448,0.6432984595477815,0.7307349024056865,1
Vlore,2016,9,11,5.6719412778761935,0.3282615031195089,0.317499287594569,2
Tirana,2017,7,15,16.4855160348448,0.20620639469353638,0.504578002897229,0
Shkoder,2021,3,14,16.376903825610462,0.4413321310885069,0.13574418445183856,2
Durres,2017,6,12,18.368802928648535,0.5380100181893706,0.7071602939808602,1
Shkoder,2023,11,10,11.768490001418831,0.32910345391776213,0.07033059208743897,0
Shkoder,2020,11,16,13.428575255340634,0.5445158540986441,0.7570330569412019,1
Elbasan,2017,7,20,10.929355592838567,0.4369401009984881,0.5468365102699866,3
Shkoder,2023,2,14,20.97153319096429,0.5185627662744854,0.27885053008676475,2
Shkoder,2015,3,13,6.742825960758783,0.44322042540501577,0.8625743540614568,0
Vlore,2024,4,9,24.222033025081927,0.6399274948507601,0.9860718703388544,0
Durres,2017,10,11,17.331559275563563,0.2300279076955002,0.254349101197638,2
Vlore,2015,6,15,22.625041212235693,0.3196337029609915,0.8062461495859325,0
Vlore,2016,1,14,12.95086062356005,0.5029256083776996,0.7501663163764574,0
Tirana,2022,9,9,10.97786047823193,0.44940770088629967,0.7471901211056694,0
Vlore,2021,5,3,22.915242012603652,0.47414236916767194,0.9572356114840272,2
Elbasan,2016,12,22,6.0763336064023585,0.7626324864163359,0.48661709230199235,0
Elbasan,2016,7,8,6.459251861610834,0.820432160773156,0.6741680405566547,0
Tirana,2023,9,20,10.286282306178224,0.37406814844829905,0.8238773636258041,3
Durres,2020,9,19,24.155274617092687,0.7854737422004139,0.4795364450430264,1
Durres,2019,1,8,17.29444080716725,0.5211529057032505,0.4814312028120059,1
Vlore,2024,1,20,15.638067628923363,0.3916744335003546,0.31865475406735133,3
Vlore,2020,3,23,18.812483063463834,0.8898192497032749,0.7808257128271341,3
Vlore,2023,6,19,12.76696567764149,0.7773612540039172,0.6861957796855566,3
Durres,2021,2,10,19.919543529836783,0.8959773233605752,0.45113989950104993,1
Shkoder,2024,10,10,12.257844657430429,0.31773354909977825,0.4193366573987367,1
Elbasan,2024,12,6,21.353626881985754,0.30068987176350104,0.07258964316911865,3
Shkoder,2023,11,20,9.613196723606595,0.5523645670609675,0.006501146828415516,1
Shkoder,2018,1,9,9.82847984525851,0.6470506320241878,0.5288939665318434,3
Durres,2016,1,3,14.970049413961439,0.31974206477334616,0.4174928523515995,3
Shkoder,2022,5,4,13.045984325596438,0.8023014676619797,0.7960367599017643,4
Tirana,2018,4,4,17.610432729978605,0.5724094350643543,0.5426540563071215,1
Vlore,2023,1,10,11.65010584814516,0.48765928325445324,0.9367060433822255,1
Tirana,2018,4,8,8.841563630477703,0.6214375710489316,0.19614079886099856,0
Elbasan,2022,3,15,13.865979820540922,0.6444675990806024,0.9901503403850398,0
Vlore,2023,2,8,15.78008648944007,0.2299482966886559,0.29791919431210634,1
Shkoder,2023,9,21,6.994601130423499,0.8999248666935344,0.6424239735733059,2
Elbasan,2024,11,3,15.691091140396471,0.45474370376313283,0.5018537136166513,3
Vlore,2018,1,1,10.704390810205833,0.24307985283692735,0.3595764012492494,0
Shkoder,2015,7,13,12.241489582238666,0.7966262223428606,0.1393091832654466,1
Tirana,2017,4,2,9.865680710328906,0.8951130754486185,0.13483415145221167,4
Vlore,2023,5,17,23.559616883654257,0.771450956451263,0.7115058273781953,2
Shkoder,2018,10,20,18.35006190688449,0.796317742901892,0.37764138297631134,1
Tirana,2019,5,5,9.511666539414351,0.6381545799536157,0.9612979741329427,3
Elbasan,2021,1,10,17.545658025590953,0.8456279047546529,0.32564848650633804,2
Elbasan,2019,6,20,21.820020601222968,0.22501698620922728,0.9835237217479629,2
Elbasan,2018,9,17,12.434234374988142,0.7367067040679407,0.20542325659526273,3
Elbasan,2016,2,11,21.42910769227983,0.6694971598338528,0.10281438623105355,1
Durres,2016,7,4,7.24271383113984,0.2347094793668016,0.31256973352295714,4
Vlore,2018,6,8,21.27840866218953,0.5807815052835356,0.885584789428589,3
Vlore,2024,5,19,15.346179096119693,0.5605422420305086,0.5218519444952847,1
Durres,2024,4,17,8.682464248209623,0.6840739575538837,0.13565010593720805,2
Shkoder,2023,4,18,12.54996907567414,0.25427198812642077,0.20249904960409504,2
Shkoder,2022,6,2,24.74785284137895,0.7636951497298883,0.31126066214956327,1
Elbasan,2017,4,8,20.45467634949095,0.29758240940805325,0.5901667378127078,3
Tirana,2023,5,3,16.076813589087422,0.4930652294233109,0.3323789398776207,1
Shkoder,2019,6,16,6.4184421499950375,0.8169016052511453,0.7470540820893272,0
Tirana,2017,5,16,12.774043240931505,0.5923721238468475,0.6162935561852966,1
Vlore,2019,7,22,9.524081794250684,0.465713639628314,0.8738237373533401,0
Tirana,2024,9,22,5.491022669613195,0.23374156943208577,0.5009618263593643,3
Vlore,2018,10,1,15.386292163105615,0.6705914620412052,0.3311764141010678,0
Durres,2022,7,8,22.672899696658398,0.8905827357147487,0.9962715678032041,3
Durres,2019,7,8,18.187597231656625,0.8382574791308681,0.35563332180735574,3
Elbasan,2024,4,4,9.243288147590736,0.7021072543013995,0.42860263978051205,3
Shkoder,2022,1,14,16.04527674602957,0.27370500077916154,0.8091272253580883,1
Elbasan,2023,8,14,23.807919950286347,0.3676080653802759,0.08863623389309261,1
Vlore,2018,4,2,19.181216111381644,0.33079431361730094,0.38649010605851464,4
Elbasan,2021,1,18,18.478951887542046,0.44882314817895175,0.08571009343828395,1
Tirana,2016,5,2,24.331321490777842,0.36486205945407485,0.1393058666727579,1
Vlore,2020,8,5,20.776339534864523,0.37110761218018523,0.0046408254980069286,3
Durres,2022,4,3,6.8690944050737945,0.6317109547627839,0.009544292582375213,1
Shkoder,2021,12,23,11.300336826500228,0.42309185917296843,0.380287889502852,1
Vlore,2021,8,12,24.26795471549141,0.6740140135307311,0.8091638049477762,3
Vlore,2022,8,12,14.283813278157956,0.8635227614023264,0.5870043605916931,2
Tirana,2021,3,10,6.344386351744893,0.6469345416292673,0.6349140441376434,0
Shkoder,2019,9,4,13.630702473119179,0.7261596740472598,0.5192492375848865,4
Durres,2021,3,0,18.636857915486814,0.7261062906979865,0.8197931441705587,2
Vlore,2024,1,8,24.948512655306065,0.4314919518795177,0.8803787251861742,4
Vlore,2017,2,16,10.80201164782724,0.21047059621540487,0.8497407281453753,3
Tirana,2019,6,21,14.795824372464748,0.2385335740959501,0.812132105803039,3
Elbasan,2021,12,0,22.47329479764567,0.39744217561919093,0.1827130735632838,4
Durres,2023,10,2,11.460611579204004,0.6826802285603186,0.5938762253652211,3
Shkoder,2016,2,14,6.294492688408002,0.8346781970538046,0.5821631960983702,0
Vlore,2018,6,20,23.927653375031586,0.8711587835335224,0.527944003747641,2
Vlore,2021,1,22,14.257256940983503,0.21809406468805143,0.48081278929676596,1
Durres,2015,11,9,14.558457926211405,0.8930610719429397,0.08917047718638349,3
Elbasan,2016,1,7,17.045203036687823,0.42574805284968564,0.10216323390622195,3
Vlore,2023,5,11,4.074269097767717,0.7900693597645807,0.9022815704406234,0
Durres,2024,10,21,23.553754686945833,0.32620682248774624,0.6301864391211986,0
Tirana,2021,11,14,11.590472780265376,0.24402878032480144,0.2623172144980064,0
Elbasan,2024,9,8,12.33556911007132,0.46484879684388125,0.27930038921345623,1
Shkoder,2021,8,23,7.656294198197934,0.801247771971485,0.6101948316486301,1
Vlore,2020,3,9,11.941183879141683,0.3545774411144712,0.4069349746356621,1
Durres,2017,3,19,20.882814146297093,0.30777012802628956,0.4413241709850946,3
Tirana,2024,1,8,20.79982512366623,0.8368630302651332,0.06064999053341902,2
Shkoder,2017,3,14,23.65173365880451,0.8568360418350214,0.13873918710974475,4
Durres,2016,12,22,12.467818926296712,0.20878373943223627,0.3933504265636626,2
Durres,2020,12,20,18.883151578720273,0.7092050161908372,0.6996864199347684,3
Shkoder,2018,12,20,14.651988659358699,0.41644541557052867,0.04802538759991315,4
Tirana,2019,11,0,20.88447857990175,0.4622930589770327,0.3345577928310832,0
Tirana,2017,1,1,18.963382191792935,0.528372082466043,0.6950719519345159,1
Elbasan,2020,8,18,11.72596143101179,0.4987536791221636,0.7920507904502913,3
Vlore,2017,1,13,11.070150519327541,0.5604816494874736,0.19022070409531333,2
Shkoder,2022,5,7,9.301291723587319,0.6076532010180113,0.7314871318934572,4
Shkoder,2023,9,5,16.106831600261394,0.5259168533865469,0.9554116940790295,0
Shkoder,2018,7,11,24.24069988347105,0.6910944783426622,0.9068121500964483,3
Tirana,2023,4,14,8.201401489968886,0.7030211639894994,0.7893760773775089,3
Vlore,2021,11,13,6.0003015529908295,0.5082514381983365,0.7123266860413382,3
Elbasan,2017,9,20,6.507413483602586,0.299724203660976,0.23513830801977031,0
Durres,2021,9,0,20.445072201253147,0.6484472449240859,0.6339032270481123,1
Durres,2015,2,10,11.352200889975837,0.7410696986454963,0.6432739938102959,3
Shkoder,2017,10,2,8.711703381539973,0.6466766648427648,0.4068213320926879,3
Vlore,2020,10,18,11.409726485843501,0.6116383360927709,0.4930154617009376,0
Tirana,2018,11,17,17.551947069419956,0.3605883938642244,0.6940284881747067,0
Vlore,2021,12,19,15.482529621393958,0.6515959285734807,0.9521015357104221,2
Vlore,2017,6,1,19.615377536945743,0.43439935020334836,0.2953062084410316,1
Tirana,2015,4,6,11.120557118117302,0.8436912039692994,0.24636315195743952,1
Shkoder,2023,8,7,13.492600042758394,0.6576040649319865,0.6018068922988716,3
Vlore,2020,12,18,6.141335748221394,0.39472577369581185,0.13079911144135992,0
Durres,2022,11,21,5.53423156668841,0.531048836554751,0.5825328304878139,0
Tirana,2017,7,14,13.70736009972611,0.7926068931195311,0.08885148507143081,3
Elbasan,2022,7,9,10.333528756364394,0.43482476582785323,0.4905838796045088,2
Shkoder,2016,11,21,16.868812014858747,0.5678083991066667,0.6204143747135337,1
Tirana,2018,10,0,4.90304547433601,0.6757689812760658,0.07010963927284186,3
Elbasan,2017,9,5,6.557093929590874,0.728170537178719,0.2069531519486293,3
Elbasan,2024,5,12,22.169007033234298,0.3217245225453214,0.3353742848795249,1
Vlore,2015,6,13,15.892544051901195,0.5956066132741022,0.36859869518615895,2
Vlore,2021,1,2,18.95314520751577,0.8385399303473409,0.6761046432541584,0
Vlore,2024,6,10,21.68141449285321,0.8778518470567858,0.5290213405595241,2
Tirana,2016,2,2,13.740521201951097,0.6593015297915508,0.3821084703053269,4
Tirana,2018,6,18,19.982268063316997,0.88856256291199,0.45067625434165004,3
Shkoder,2023,9,9,15.01629716054401,0.5995146742832986,0.01297667065023922,3
Vlore,2020,8,14,8.67772417574778,0.5098235208466533,0.77052527930763,3
Elbasan,2022,9,10,11.09077954481973,0.5861112212637721,0.041004688694782465,1
Durres,2016,10,14,14.297359262168877,0.2809986759844655,0.829317492922566,0
Shkoder,2021,8,23,10.654596595617686,0.4812011437797714,0.5409965214147301,4
Tirana,2020,3,12,11.046081518347865,0.52088353712137,0.527819191224517,1
Shkoder,2023,8,4,11.085249456224094,0.7940394591046847,0.7045786277731994,0
Shkoder,2021,6,3,6.579639555999188,0.7310540149197131,0.8595595326534653,3
Shkoder,2015,6,12,5.7774947514572785,0.6209986096573605,0.9426461464796643,2
Shkoder,2022,6,8,4.976416833517391,0.44309406441338894,0.5433698872439848,3
Durres,2024,3,16,6.330081481721072,0.33092420998485994,0.15065823198891826,4
Vlore,2017,10,1,11.217848934847979,0.44343551464023956,0.8786309261730072,0
Elbasan,2016,1,23,16.4713079214442,0.6758628496713923,0.040672018370114915,3
Shkoder,2017,12,4,7.9510854713975885,0.38412645935952316,0.8073371707198082,2
Shkoder,2020,4,15,22.6481857660554,0.49882068699641613,0.6804216264256481,3
Shkoder,2017,10,6,20.97603105602844,0.47073916441717745,0.9047276074229461,2
Vlore,2024,12,0,14.931069368992436,0.7359130446537421,0.8974631502474468,3
Tirana,2019,6,11,19.208406447080556,0.818650943582101,0.05315408543707967,2
Tirana,2020,11,20,11.692899018673927,0.6895596697676838,0.6094464071756721,0
Durres,2022,12,10,4.772333647394888,0.4391215826531239,0.12467145516820177,0
Tirana,2021,10,11,22.990989798183335,0.5032239342831211,0.07846861174405473,2
Shkoder,2022,2,18,6.683663253414262,0.300345107837605,0.44827714583073053,3
Shkoder,2017,7,11,23.90668427397268,0.3176682134366269,0.09759753984874064,0
Shkoder,2018,7,11,16.00953435358831,0.3150047972685605,0.7279023831125928,0
Durres,2020,11,13,10.41682428145003,0.2914104502929171,0.9689407105075997,0
Shkoder,2021,4,1,14.406017089548738,0.32570685995639115,0.5695829577830928,4
Tirana,2023,4,1,14.534225987384978,0.3418817418048503,0.2351688695616866,3
Vlore,2015,1,3,4.48902866829422,0.27829216065834306,0.8432063915253954,2
Vlore,2022,2,19,11.46465688956691,0.6481825053189589,0.853103374930026,0
Elbasan,2022,9,22,19.537181790401267,0.8932810742075397,0.7327859723643944,0
Tirana,2020,10,15,14.711452967964867,0.8154307212565792,0.6151321848133509,1
Shkoder,2018,8,9,9.128832457201268,0.23192190667826035,0.867792454751724,3
Vlore,2017,8,12,11.037307060775824,0.49614116643770734,0.16329168199755906,1
Tirana,2017,9,1,22.124142255434933,0.8015174054629406,0.9316001263440448,3
Vlore,2020,7,2,15.03654307315482,0.29427237259439754,0.9472031492105683,0
Shkoder,2022,9,18,15.095394573575955,0.7933516026564298,0.8719923739971334,1
Vlore,2021,10,5,24.190816640071212,0.6148904464865295,0.2506620347114671,3
Elbasan,2015,12,18,10.73850937976951,0.8519089868172782,0.8581783863106291,1
Elbasan,2020,2,20,14.070363627230796,0.8132273799850975,0.49763821183769175,3
Vlore,2021,6,19,21.045985552137513,0.6739240254411023,0.5949302374008253,1
Tirana,2021,3,18,19.937157226627622,0.6604758619108868,0.8406006225041451,0
Tirana,2023,11,7,9.581787860502125,0.3492149416743357,0.02958284454523752,2
Tirana,2024,6,13,7.172911999713103,0.28172707701060595,0.36294259217564573,4
Vlore,2019,3,9,18.714796099934734,0.49077540097815886,0.8156933772444657,0
Tirana,2015,8,2,9.41077971295109,0.3306060276451873,0.813954783801723,3
Shkoder,2016,11,5,23.376192399009064,0.2716917023744313,0.8486879268829328,1
Elbasan,2018,4,14,6.714201573773748,0.41162871329102546,0.16921590013949128,3
Shkoder,2019,12,22,10.684619202830309,0.8023429599576539,0.7058866182279601,2
Tirana,2023,10,22,5.150532185423189,0.21200370781285288,0.14650334050541858,4
Shkoder,2015,6,17,18.769411444130938,0.40484637720552297,0.7850980089510253,2
Tirana,2017,9,13,22.716515627223366,0.4968365296501446,0.2451260044545075,3
Vlore,2019,2,18,17.353365073951146,0.5573988247307006,0.737817727586946,3
Shkoder,2017,2,9,23.692813325741156,0.32710425586809244,0.4550016185279725,3
Vlore,2018,7,14,6.698583548525402,0.8749541398866216,0.9862634645527724,0
Vlore,2017,2,3,5.842412472516677,0.6052111305005327,0.5798938307492809,3
Durres,2018,2,22,21.606667354514787,0.5654773829399309,0.6325793642202862,1
Tirana,2015,4,1,21.96573468311666,0.20617581225123882,0.3681635138512874,0
Elbasan,2022,9,2,21.45183006924969,0.540000765577205,0.7345201578474331,4
Tirana,2018,8,6,20.778262953208657,0.7863694406186288,0.494885641104835,1
Elbasan,2021,2,22,11.606795642711864,0.3537511801358699,0.018066635095864148,4
Tirana,2016,8,15,8.566703755419143,0.4458452978704891,0.6085815978756451,3
Vlore,2016,4,9,23.50488441995359,0.2144000252813869,0.8304595904293615,2
Shkoder,2020,2,18,10.447003839815014,0.8838492599636567,0.23680177006045067,0
Shkoder,2016,11,16,12.366561325444676,0.2466562579896286,0.2210637550851846,3
Durres,2020,10,18,18.690738148484296,0.8287547867366987,0.6088861831192705,2
Elbasan,2016,7,4,10.16047767987374,0.4190913999263183,0.817979276425494,1
Elbasan,2018,6,22,21.201734652781028,0.611289481390115,0.24962033784357585,3
Elbasan,2021,10,19,5.470727096267407,0.6755208779762023,0.9322626512430391,3
Vlore,2022,5,12,20.614836015167626,0.2985804172017802,0.927387356681549,3
Elbasan,2017,11,12,16.638877774973885,0.5106315644462348,0.20053667190793334,1
Shkoder,2023,1,10,16.03286652638545,0.4278262701726496,0.2637844120568157,4
Vlore,2016,2,10,13.625917821911875,0.23962172592382575,0.7005988109481615,3
Tirana,2022,8,15,9.81795752195187,0.7832355580752264,0.951733109024426,0
Elbasan,2022,1,14,13.745475994055969,0.23161742954823442,0.7098826887763147,4
Elbasan,2018,3,16,13.450598752392434,0.6572805716387067,0.444900049820538,0
Tirana,2015,2,21,16.258837964444467,0.41985416349389293,0.1690013464265031,1
Elbasan,2015,5,17,9.913060002966134,0.3344905290413066,0.46100984883962115,3
Tirana,2016,4,18,5.6295072214991295,0.6669602359348816,0.6067677919705544,0
Vlore,2023,7,3,7.046878379421903,0.6021764001683441,0.3309519189566503,0
Shkoder,2016,5,21,18.682726060693028,0.42067938016238093,0.5102578212000898,1
Tirana,2016,8,21,4.47233892234635,0.5590725237814674,0.13021412832870594,3
Durres,2020,4,22,21.98530393755403,0.37236597084434664,0.4521881045125864,3
Tirana,2021,12,4,18.58234387707818,0.8045875213018845,0.090775818929554,0
Elbasan,2021,6,6,20.129817367462042,0.4196731462290131,0.049088749948990595,2
Vlore,2023,4,1,21.555673430962973,0.371607120686072,0.8572399155993272,1
Vlore,2020,2,0,6.576919322533804,0.7262835977417557,0.2050815841460749,1
Tirana,2022,1,11,21.271472910371394,0.21231474159574043,0.5751553291279333,3
Shkoder,2020,1,9,14.597491190840184,0.38760821246025273,0.14898275840999242,1
Durres,2016,8,7,22.59600061381714,0.46277665445582117,0.26252757090929135,3
Vlore,2015,4,0,22.618318622267214,0.8175665732539672,0.36133941976948436,0
Elbasan,2019,5,11,4.507738918837575,0.8653092617838409,0.14367643635477023,1
Elbasan,2023,11,1,12.040169525154317,0.701534576839765,0.04596229701111032,3
Shkoder,2022,8,9,15.054374713170741,0.5447722467067618,0.877159802018011,3
Vlore,2018,12,21,18.245561885440942,0.6484350843403821,0.01183283587977213,0
Tirana,2019,7,16,10.009911180366814,0.48980073617693315,0.06132098283506782,1
Elbasan,2019,8,2,9.294987473957697,0.4091780822940675,0.8050721608281025,0
Shkoder,2020,8,6,12.006580100869993,0.8654816476977398,0.28200833677305603,0
Vlore,2017,6,11,14.519712526747783,0.28077316030694666,0.7228203011146973,1
Vlore,2019,10,7,23.97407085951368,0.4424754976350763,0.14622574921791376,1
Vlore,2016,2,19,20.004277800646186,0.8293622719724152,0.23728174859671936,1
Vlore,2024,6,11,13.01574450569181,0.7061990014111919,0.5727765165969935,0
Vlore,2015,1,2,5.141689747243859,0.22037101592608363,0.9886358384892835,3
Elbasan,2015,1,16,7.538932435018946,0.216169771396973,0.07344447015922317,3
Shkoder,2024,11,8,13.574412910707759,0.5615587238372022,0.40055459798183224,1
Vlore,2021,3,9,21.09034390207279,0.5389771393610152,0.04308097000592481,1
Durres,2016,3,21,11.994606249224223,0.5100940770594228,0.1992264426559749,4
Durres,2018,11,5,15.308429665646253,0.41164063328730627,0.9074710268385046,3
Shkoder,2019,5,0,22.727902607787144,0.8906471038695474,0.09646010378976966,3
Tirana,2021,1,21,23.189721447959208,0.390391126088367,0.8568559213756336,3
Tirana,2016,10,11,8.531274925296477,0.5430281445083933,0.17780323811008125,3
Tirana,2020,6,4,4.915493357644483,0.4834251677761464,0.8617848465377039,0
Durres,2015,7,12,10.413621150401813,0.31917459817321947,0.5380219631356752,4
Tirana,2021,10,14,18.611848611341383,0.34183317338769503,0.8782066742268435,2
Elbasan,2023,12,21,23.973356220501596,0.8428119194068411,0.15170364465152042,0
Vlore,2019,11,10,5.617671999666392,0.8007958059991684,0.762036551307826,2
Durres,2019,3,7,4.598160021534702,0.33933101407424665,0.6806985960805767,3
Shkoder,2018,4,4,22.56709147270016,0.8129638367366594,0.5429333873929625,1
Shkoder,2017,10,1,19.711050651165962,0.34643029105658973,0.810587344410973,2
Vlore,2023,11,11,24.83722016226708,0.6385824252233879,0.6482760244270397,3
Durres,2019,10,1,12.332650510778716,0.25689636632448565,0.8770469246077496,2
Tirana,2022,12,15,12.737069007872156,0.8162587383813826,0.38106214678556605,2
Tirana,2023,10,20,7.618548583246442,0.2360502096258269,0.589923178273815,3
Elbasan,2019,10,2,6.432790204544108,0.5884600224757957,0.8706008425757117,3
Elbasan,2024,10,9,16.153078222394996,0.7457980676262694,0.21481406410413462,0
Tirana,2023,3,18,11.649985027191484,0.28178431548747684,0.48574135661685425,3
Shkoder,2016,1,7,5.686645406850147,0.48313618725013197,0.960741821728669,3
Shkoder,2023,8,6,22.626728459989717,0.2293651060430351,0.47360180149468445,2
Elbasan,2018,10,0,8.165485833235994,0.6779268041379714,0.2528294451955403,0
Vlore,2020,10,11,19.72027128707419,0.4152147164729464,0.35107623874323823,2
Tirana,2020,2,4,9.926800518480334,0.591576671246929,0.8850841193734466,4
Elbasan,2020,1,15,21.07100144580878,0.8529125892942531,0.9548830387675503,2
Elbasan,2016,8,3,6.486333669980735,0.41410067559638963,0.9501076426861392,2
Tirana,2021,7,16,19.87750381465699,0.2340392301446944,0.6989423919685712,1
Tirana,2020,7,23,6.060496351910761,0.6729394373890902,0.5096018888246124,2
Shkoder,2015,4,20,13.38523154499581,0.7507887941599172,0.18268893490734184,3
Vlore,2016,11,1,19.414091362591698,0.8705079919143033,0.12322101207046454,0
Vlore,2021,9,11,7.637586004924913,0.3104606139179661,0.059766607641346225,1
Tirana,2015,6,0,9.998964765781182,0.47449794758130487,0.017714909508969257,1
Durres,2015,2,11,22.16010683393615,0.7908983220178323,0.878116722105682,4
Elbasan,2015,1,11,22.587505739060568,0.7648099752882156,0.8090863158033444,2
Elbasan,2022,1,11,4.943644501507251,0.6373569951337037,0.5678213805004708,1
Tirana,2018,9,18,7.529902292412481,0.38855798164188576,0.9987232545377139,3
Durres,2018,4,16,6.466910745730039,0.3988247034555443,0.9530520722016411,2
Shkoder,2016,5,19,7.773554987677363,0.2868020962368998,0.6551089707147064,4
Tirana,2015,3,23,24.373942210431725,0.8452975716501367,0.46457456704025346,3
Tirana,2024,4,23,15.584760224599586,0.32105206024761174,0.1521707161131296,3
Elbasan,2023,12,10,13.830360199553462,0.6010206208259345,0.5155938052543524,0
Tirana,2021,8,12,24.673814834944938,0.6090459918874791,0.15774367288552726,1
Tirana,2018,4,7,15.696078727075443,0.4587238088366882,0.398451304246189,3
Tirana,2020,9,9,17.883476474256014,0.44676292270381857,0.9426481084327509,2
Elbasan,2016,9,7,10.988181467032785,0.6680118929907957,0.3419789893356374,3
Shkoder,2021,6,19,12.02441215469989,0.4718084445639773,0.15278727364346711,0
Shkoder,2016,2,7,16.482597059990532,0.3785807753366005,0.5823966042362146,4
Tirana,2024,12,8,5.46550146400976,0.4793921916800216,0.6023641741274721,3
Elbasan,2022,10,6,9.373540606940278,0.7653634543658823,0.19380424246791583,3
Shkoder,2022,11,13,8.13304673866645,0.8765349185918299,0.19658658758196024,0
Shkoder,2015,7,1,4.333761255940075,0.6451651613176914,0.989549791324827,2
Shkoder,2022,9,10,15.27492668092886,0.7474708578388745,0.243281072862212,3
Elbasan,2016,6,7,15.782109630001461,0.5729774029188272,0.8381920347835841,0
Elbasan,2020,3,12,12.062723683782437,0.6373761994654065,0.4703238255459795,4
Tirana,2015,7,20,9.643276858760608,0.8916606597155918,0.434989238912728,0
Vlore,2019,5,14,17.69325739588712,0.506893205291338,0.2949624161637524,0
Shkoder,2021,1,2,6.827842389073595,0.24637828786793997,0.7738257968923308,0
Vlore,2024,3,22,14.890915664342016,0.8699048424735483,0.8806608784415548,0
Elbasan,2015,5,13,20.129553702023017,0.7551432046324833,0.2611274615590803,3
Elbasan,2016,7,14,7.450257663001919,0.47881725750449994,0.09509666934911398,2
Elbasan,2021,3,1,19.818450310512194,0.8876765375359381,0.13691955288560986,4
Vlore,2020,6,18,19.976684692221358,0.4418750252440383,0.7928035347662441,3
Elbasan,2017,5,11,5.2584596128395535,0.4604841372056201,0.4358269113196258,2
Tirana,2024,1,19,4.394470847830819,0.6268119472329445,0.13191465841072292,3
Elbasan,2016,10,3,24.45264352575209,0.3920431703087497,0.34028820641962454,2
Durres,2024,6,2,8.061035849475324,0.6890000395915129,0.514235482853053,0
Vlore,2018,8,4,21.264923391102162,0.30699521276535413,0.8520516838450082,0
Durres,2017,1,2,15.79886371395127,0.27561772355070746,0.641743254225175,0
Elbasan,2021,2,14,9.553915308276933,0.5744146052949088,0.17603280108000074,3
Tirana,2022,4,18,6.729379168995064,0.5888455776760808,0.15870271235833644,1
Shkoder,2016,12,1,14.430222745132278,0.27465854874078344,0.4123342156333225,2
Elbasan,2024,2,11,12.554451044218448,0.8749233827918057,0.07519284770175638,3
Tirana,2021,11,4,18.676607787458423,0.6013006603249587,0.755577195283873,4
Vlore,2022,9,21,22.98753954050226,0.30572449474784824,0.4014538203037721,3
Durres,2020,10,16,20.910209826232208,0.4180097670326093,0.3430237727813903,1
Durres,2020,8,13,9.76349305430105,0.7601639497532138,0.5091083323914358,0
Durres,2024,8,21,22.45759758749842,0.5662620695058722,0.7089568037628478,0
Vlore,2015,4,9,21.501217596196685,0.3317038439825889,0.5693469444930521,3
Tirana,2018,5,2,23.511860908157132,0.27199428044326335,0.8024027817219871,0
Vlore,2015,4,3,13.63187724179774,0.5015420885662394,0.6293625638701175,3
Durres,2018,9,5,20.140078620597368,0.43619029608050397,0.7879702674082638,1
Elbasan,2016,2,23,16.424819375997078,0.6591421467373815,0.6967822735646749,1
Shkoder,2019,11,21,10.52055780353915,0.8476728908658158,0.1931228402637365,2
Vlore,2024,8,15,24.88305105339803,0.37341120004191114,0.05235445018579876,1
Vlore,2023,2,6,4.804456803632888,0.7986637532979917,0.9033968005033816,4
Tirana,2024,1,14,7.407724023740569,0.8443233849116403,0.9456561653820842,2
Tirana,2017,10,20,22.743389613169793,0.831401819628931,0.7269322966314722,2
Vlore,2022,3,19,5.271819711665303,0.8664541309618048,0.724205822695949,3
Durres,2017,9,10,22.623234014213956,0.7894760354904926,0.2701470804941095,1
Shkoder,2020,12,21,19.019650997222218,0.6154402037776692,0.5424417088818329,1
Tirana,2018,3,20,4.770364113285389,0.4868922690971693,0.9922396637046083,3
Durres,2022,9,0,13.015720899937708,0.54418145022364,0.8561435980700195,0
Elbasan,2020,7,4,19.843900975046978,0.8108285224143097,0.30439435255199665,4
Tirana,2022,10,12,16.245105977246794,0.4109788641920277,0.3010458656978904,3
Durres,2015,1,20,23.653297131253616,0.31148318603876607,0.48357729114805914,0
Durres,2020,10,13,22.220524691151997,0.29857345269365665,0.4045986661677845,0
Shkoder,2015,5,8,10.985600342017065,0.7788962269335002,0.37115304628017465,0
Shkoder,2015,9,16,5.777171105921897,0.7330399804310683,0.6269719088061033,3
Elbasan,2022,12,14,23.829397832558676,0.548351738732439,0.011492469633537561,3
Durres,2021,3,20,14.86302212312646,0.3924099996645072,0.7633396360332768,3
Durres,2017,9,6,5.562350111810919,0.6743292228798279,0.740052996675785,1
Shkoder,2020,5,21,21.14808788054487,0.22690316820272888,0.8303256805947012,0
Tirana,2023,9,21,22.23863588439321,0.5977594709666629,0.8414506733068134,0
Tirana,2021,10,11,17.42791744370799,0.47889761811762455,0.5663996947604685,0
Vlore,2017,6,22,13.397688279413138,0.884501743668378,0.7800739356232906,3
Shkoder,2020,9,5,17.905633258795028,0.5552921743773682,0.4923951254805192,4
Vlore,2018,7,20,18.840357609807597,0.5865874267151875,0.9515298364183005,1
Shkoder,2017,7,15,22.75362911980533,0.6986538644099733,0.19069852978743473,0
Elbasan,2023,8,4,24.0730952878695,0.5391769367879526,0.9156170920738993,0
Durres,2024,7,8,14.80073958020914,0.35719803349372603,0.2585303612677231,2
Elbasan,2016,12,13,20.768385204057815,0.5760944925839135,0.10272337368685203,0
Shkoder,2015,9,7,24.254700675824754,0.8609882096235042,0.4391044474069674,3
Durres,2016,11,13,7.1761101010862856,0.4869376917179303,0.6149172424160594,0
Tirana,2021,9,11,4.383627613803211,0.6757486684997711,0.23098987319995223,4
Tirana,2024,6,9,22.248239229814175,0.8846239322199794,0.5557962411442978,3
Vlore,2015,7,19,8.100739998190377,0.7809456190884434,0.8078933569345047,0
Shkoder,2020,2,19,4.89205409926782,0.6613238931583265,0.25708496580372275,3
Shkoder,2021,9,20,7.362018890806336,0.7151975418313601,0.580322245914203,3
Tirana,2023,12,12,12.066413136119156,0.8555382736119526,0.3393125961930803,2
Elbasan,2022,1,18,8.604579733444181,0.8718264730802496,0.5297684675304802,3
Durres,2020,1,14,10.410326211109304,0.8782776912253971,0.6669190195749695,4
Elbasan,2017,3,7,24.481175080030972,0.6379491397417654,0.3504225718160924,0
Elbasan,2022,12,22,18.79251642741408,0.46929815490566557,0.994482882452134,3
Tirana,2021,6,20,18.956026293317283,0.29320719026940995,0.5637751984296409,0
Tirana,2017,5,9,5.988392869286379,0.469883600938282,0.8244615590929387,1
Tirana,2023,2,2,19.374065766276527,0.8600688183149332,0.7251352229107911,3
Vlore,2016,9,20,19.5262309920614,0.8228579564146727,0.8528053137029477,0
Elbasan,2017,10,2,17.854645386539275,0.566561763444015,0.17380095453856792,1
Shkoder,2016,4,4,8.797162215955376,0.5759051006157468,0.22255370972767097,3
Durres,2015,4,15,12.883759760725884,0.41624424471647864,0.4874111778902902,4
Vlore,2018,5,16,21.771805548062133,0.518155523049337,0.8523286764854423,3
